E:\Project\Ham2Pose\venv\Scripts\python.exe E:\Project\Ham2Pose\data\hamnosys\remove_fade_in.py
new_not_exist: ['10023', '10276', '10818', '10890', '11288', '11370', '11453', '11484', '11874', '12093', '12130', '12254', '12301', '12500', '12715', '13016', '13141', '13173', '13267', '13443', '13636', '13943', '14136', '14489', '14643', '14731', '14867', '15137', '15440', '15532', '15673', '15751', '15773', '15794', '15826', '15962', '16378', '16595', '17186', '17265', '17310', '17518', '17594', '17618', '17847', '18003', '18171', '18227', '2261', '2316', '2593', '27428', '27521', '2832', '30372', '30511', '30531', '30975', '3108', '31699', '3179', '3203', '32036', '3452', '3473', '3532', '36811', '39514', '40242', '40605', '41623', '42055', '43834', '43936', '45153', '45582', '46704', '46706', '47381', '48259', '48465', '48604', '48809', '48962', '49029', '49250', '52477', '52561', '53226', '5333', '5381', '5408', '5471', '5492', '5586', '5686', '58917', '5916', '59481', '60755', '61419', '6248', '6321', '65293', '6531', '65326', '66982', '68322', '6846', '68491', '68699', '68944', '69225', '71051', '71906', '71925', '72265', '72454', '73051', '73657', '7377', '74474', '75452', '78476', '7869', '78926', '7940', '80025', '80133', '83959', '8458', '85437', '85789', '8597', '87055', '87255', '87703', '88206', '88638', '88642', '88706', '88938', '9012', '91462', '92640', '9372', '9389', '9615', '9721', '9765', '9884']
 34%|███▍      | 1978/5749 [03:32<04:27, 14.09it/s]Pass 100_000000000000_keypoints.json
Pass 100_000000000001_keypoints.json
Pass 100_000000000002_keypoints.json
Pass 100_000000000003_keypoints.json
Pass 100_000000000004_keypoints.json
Pass 100_000000000005_keypoints.json
Pass 100_000000000006_keypoints.json
Pass 100_000000000007_keypoints.json
Pass 100_000000000008_keypoints.json
Pass 100_000000000009_keypoints.json
Pass 100_000000000010_keypoints.json
Pass 100_000000000011_keypoints.json
Pass 100_000000000012_keypoints.json
Pass 100_000000000013_keypoints.json
Pass 100_000000000014_keypoints.json
Pass 100_000000000015_keypoints.json
Pass 100_000000000016_keypoints.json
Pass 100_000000000017_keypoints.json
Pass 100_000000000018_keypoints.json
Pass 100_000000000019_keypoints.json
Pass 100_000000000020_keypoints.json
Pass 100_000000000021_keypoints.json
Pass 100_000000000022_keypoints.json
Pass 100_000000000023_keypoints.json
Pass 100_000000000024_keypoints.json
Pass 100_000000000025_keypoints.json
Pass 100_000000000026_keypoints.json
Pass 100_000000000027_keypoints.json
Pass 100_000000000028_keypoints.json
Pass 100_000000000029_keypoints.json
Pass 100_000000000030_keypoints.json
Pass 100_000000000031_keypoints.json
Pass 100_000000000032_keypoints.json
Pass 100_000000000033_keypoints.json
Pass 100_000000000034_keypoints.json
Pass 100_000000000035_keypoints.json
Pass 100_000000000036_keypoints.json
Pass 100_000000000037_keypoints.json
Pass 100_000000000038_keypoints.json
Pass 100_000000000039_keypoints.json
Pass 100_000000000040_keypoints.json
Pass 100_000000000041_keypoints.json
Pass 100_000000000042_keypoints.json
Pass 100_000000000043_keypoints.json
Pass 100_000000000044_keypoints.json
Pass 100_000000000045_keypoints.json
Pass 100_000000000046_keypoints.json
Pass 100_000000000047_keypoints.json
Pass 100_000000000048_keypoints.json
Pass 100_000000000049_keypoints.json
Pass 100_000000000050_keypoints.json
Pass 100_000000000051_keypoints.json
Pass 100_000000000052_keypoints.json
Pass 100_000000000053_keypoints.json
 35%|███▌      | 2023/5749 [03:37<06:38,  9.34it/s]Pass 0_000000000000_keypoints.json
Pass 0_000000000001_keypoints.json
Pass 0_000000000002_keypoints.json
Pass 0_000000000003_keypoints.json
Pass 0_000000000004_keypoints.json
Pass 0_000000000005_keypoints.json
Pass 0_000000000006_keypoints.json
Pass 0_000000000007_keypoints.json
Pass 0_000000000008_keypoints.json
Pass 0_000000000009_keypoints.json
Pass 0_000000000010_keypoints.json
Pass 0_000000000011_keypoints.json
Pass 0_000000000012_keypoints.json
Pass 0_000000000013_keypoints.json
Pass 0_000000000014_keypoints.json
Pass 0_000000000015_keypoints.json
Pass 0_000000000016_keypoints.json
Pass 0_000000000017_keypoints.json
Pass 0_000000000018_keypoints.json
Pass 0_000000000019_keypoints.json
Pass 0_000000000020_keypoints.json
Pass 0_000000000021_keypoints.json
Pass 0_000000000022_keypoints.json
Pass 0_000000000023_keypoints.json
Pass 0_000000000024_keypoints.json
Pass 0_000000000025_keypoints.json
Pass 0_000000000026_keypoints.json
Pass 0_000000000027_keypoints.json
Pass 0_000000000028_keypoints.json
Pass 0_000000000029_keypoints.json
Pass 0_000000000030_keypoints.json
Pass 0_000000000031_keypoints.json
Pass 0_000000000032_keypoints.json
Pass 0_000000000033_keypoints.json
Pass 0_000000000034_keypoints.json
Pass 0_000000000035_keypoints.json
Pass 0_000000000036_keypoints.json
Pass 0_000000000037_keypoints.json
Pass 0_000000000038_keypoints.json
Pass 0_000000000039_keypoints.json
Pass 0_000000000040_keypoints.json
Pass 0_000000000041_keypoints.json
Pass 0_000000000042_keypoints.json
Pass 0_000000000043_keypoints.json
Pass 0_000000000044_keypoints.json
Pass 0_000000000045_keypoints.json
Pass 0_000000000046_keypoints.json
Pass 0_000000000047_keypoints.json
Pass 0_000000000048_keypoints.json
Pass 0_000000000049_keypoints.json
Pass 0_000000000050_keypoints.json
Pass 0_000000000051_keypoints.json
Pass 0_000000000052_keypoints.json
Pass 0_000000000053_keypoints.json
Pass 0_000000000054_keypoints.json
Pass 0_000000000055_keypoints.json
Pass 0_000000000056_keypoints.json
Pass 0_000000000057_keypoints.json
Pass 0_000000000058_keypoints.json
Pass 0_000000000059_keypoints.json
Pass 0_000000000060_keypoints.json
Pass 0_000000000061_keypoints.json
Pass 0_000000000062_keypoints.json
Pass 0_000000000063_keypoints.json
Pass 0_000000000064_keypoints.json
Pass 0_000000000065_keypoints.json
Pass 0_000000000066_keypoints.json
Pass 0_000000000067_keypoints.json
Pass 0_000000000068_keypoints.json
 35%|███▌      | 2027/5749 [03:37<05:50, 10.61it/s]Pass 11_000000000000_keypoints.json
Pass 11_000000000001_keypoints.json
Pass 11_000000000002_keypoints.json
Pass 11_000000000003_keypoints.json
Pass 11_000000000004_keypoints.json
Pass 11_000000000005_keypoints.json
Pass 11_000000000006_keypoints.json
Pass 11_000000000007_keypoints.json
Pass 11_000000000008_keypoints.json
Pass 11_000000000009_keypoints.json
Pass 11_000000000010_keypoints.json
Pass 11_000000000011_keypoints.json
Pass 11_000000000012_keypoints.json
Pass 11_000000000013_keypoints.json
Pass 11_000000000014_keypoints.json
Pass 11_000000000015_keypoints.json
Pass 11_000000000016_keypoints.json
Pass 11_000000000017_keypoints.json
Pass 11_000000000018_keypoints.json
Pass 11_000000000019_keypoints.json
Pass 11_000000000020_keypoints.json
Pass 11_000000000021_keypoints.json
Pass 11_000000000022_keypoints.json
Pass 11_000000000023_keypoints.json
Pass 11_000000000024_keypoints.json
Pass 11_000000000025_keypoints.json
Pass 11_000000000026_keypoints.json
Pass 11_000000000027_keypoints.json
Pass 11_000000000028_keypoints.json
Pass 11_000000000029_keypoints.json
Pass 11_000000000030_keypoints.json
Pass 11_000000000031_keypoints.json
Pass 11_000000000032_keypoints.json
Pass 11_000000000033_keypoints.json
Pass 11_000000000034_keypoints.json
Pass 11_000000000035_keypoints.json
Pass 11_000000000036_keypoints.json
Pass 11_000000000037_keypoints.json
Pass 11_000000000038_keypoints.json
Pass 11_000000000039_keypoints.json
Pass 11_000000000040_keypoints.json
Pass 11_000000000041_keypoints.json
Pass 11_000000000042_keypoints.json
Pass 11_000000000043_keypoints.json
Pass 11_000000000044_keypoints.json
Pass 11_000000000045_keypoints.json
Pass 11_000000000046_keypoints.json
Pass 11_000000000047_keypoints.json
Pass 11_000000000048_keypoints.json
Pass 11_000000000049_keypoints.json
Pass 11_000000000050_keypoints.json
Pass 11_000000000051_keypoints.json
Pass 11_000000000052_keypoints.json
Pass 11_000000000053_keypoints.json
Pass 11_000000000054_keypoints.json
Pass 11_000000000055_keypoints.json
Pass 11_000000000056_keypoints.json
Pass 11_000000000057_keypoints.json
Pass 11_000000000058_keypoints.json
Pass 11_000000000059_keypoints.json
Pass 11_000000000060_keypoints.json
Pass 11_000000000061_keypoints.json
 35%|███▌      | 2036/5749 [03:38<07:23,  8.37it/s]Pass 12_000000000000_keypoints.json
Pass 12_000000000001_keypoints.json
Pass 12_000000000002_keypoints.json
Pass 12_000000000003_keypoints.json
Pass 12_000000000004_keypoints.json
Pass 12_000000000005_keypoints.json
Pass 12_000000000006_keypoints.json
Pass 12_000000000007_keypoints.json
Pass 12_000000000008_keypoints.json
Pass 12_000000000009_keypoints.json
Pass 12_000000000010_keypoints.json
Pass 12_000000000011_keypoints.json
Pass 12_000000000012_keypoints.json
Pass 12_000000000013_keypoints.json
Pass 12_000000000014_keypoints.json
Pass 12_000000000015_keypoints.json
Pass 12_000000000016_keypoints.json
Pass 12_000000000017_keypoints.json
Pass 12_000000000018_keypoints.json
Pass 12_000000000019_keypoints.json
Pass 12_000000000020_keypoints.json
Pass 12_000000000021_keypoints.json
Pass 12_000000000022_keypoints.json
Pass 12_000000000023_keypoints.json
Pass 12_000000000024_keypoints.json
Pass 12_000000000025_keypoints.json
Pass 12_000000000026_keypoints.json
Pass 12_000000000027_keypoints.json
Pass 12_000000000028_keypoints.json
Pass 12_000000000029_keypoints.json
Pass 12_000000000030_keypoints.json
Pass 12_000000000031_keypoints.json
Pass 12_000000000032_keypoints.json
Pass 12_000000000033_keypoints.json
Pass 12_000000000034_keypoints.json
Pass 12_000000000035_keypoints.json
Pass 12_000000000036_keypoints.json
Pass 12_000000000037_keypoints.json
Pass 12_000000000038_keypoints.json
Pass 12_000000000039_keypoints.json
Pass 12_000000000040_keypoints.json
Pass 12_000000000041_keypoints.json
Pass 12_000000000042_keypoints.json
Pass 12_000000000043_keypoints.json
Pass 12_000000000044_keypoints.json
Pass 12_000000000045_keypoints.json
Pass 12_000000000046_keypoints.json
Pass 12_000000000047_keypoints.json
Pass 12_000000000048_keypoints.json
Pass 12_000000000049_keypoints.json
Pass 12_000000000050_keypoints.json
Pass 12_000000000051_keypoints.json
Pass 12_000000000052_keypoints.json
Pass 12_000000000053_keypoints.json
Pass 12_000000000054_keypoints.json
Pass 12_000000000055_keypoints.json
Pass 12_000000000056_keypoints.json
Pass 12_000000000057_keypoints.json
Pass 12_000000000058_keypoints.json
Pass 12_000000000059_keypoints.json
Pass 12_000000000060_keypoints.json
Pass 12_000000000061_keypoints.json
Pass 12_000000000062_keypoints.json
Pass 12_000000000063_keypoints.json
Pass 12_000000000064_keypoints.json
Pass 12_000000000065_keypoints.json
Pass 12_000000000066_keypoints.json
Pass 12_000000000067_keypoints.json
 36%|███▌      | 2044/5749 [03:39<08:51,  6.97it/s]Pass 13_000000000000_keypoints.json
Pass 13_000000000001_keypoints.json
Pass 13_000000000002_keypoints.json
Pass 13_000000000003_keypoints.json
Pass 13_000000000004_keypoints.json
Pass 13_000000000005_keypoints.json
Pass 13_000000000006_keypoints.json
Pass 13_000000000007_keypoints.json
Pass 13_000000000008_keypoints.json
Pass 13_000000000009_keypoints.json
Pass 13_000000000010_keypoints.json
Pass 13_000000000011_keypoints.json
Pass 13_000000000012_keypoints.json
Pass 13_000000000013_keypoints.json
Pass 13_000000000014_keypoints.json
Pass 13_000000000015_keypoints.json
Pass 13_000000000016_keypoints.json
Pass 13_000000000017_keypoints.json
Pass 13_000000000018_keypoints.json
Pass 13_000000000019_keypoints.json
Pass 13_000000000020_keypoints.json
Pass 13_000000000021_keypoints.json
Pass 13_000000000022_keypoints.json
Pass 13_000000000023_keypoints.json
Pass 13_000000000024_keypoints.json
Pass 13_000000000025_keypoints.json
Pass 13_000000000026_keypoints.json
Pass 13_000000000027_keypoints.json
Pass 13_000000000028_keypoints.json
Pass 13_000000000029_keypoints.json
Pass 13_000000000030_keypoints.json
Pass 13_000000000031_keypoints.json
Pass 13_000000000032_keypoints.json
Pass 13_000000000033_keypoints.json
Pass 13_000000000034_keypoints.json
Pass 13_000000000035_keypoints.json
Pass 13_000000000036_keypoints.json
Pass 13_000000000037_keypoints.json
Pass 13_000000000038_keypoints.json
Pass 13_000000000039_keypoints.json
Pass 13_000000000040_keypoints.json
Pass 13_000000000041_keypoints.json
Pass 13_000000000042_keypoints.json
Pass 13_000000000043_keypoints.json
Pass 13_000000000044_keypoints.json
Pass 13_000000000045_keypoints.json
Pass 13_000000000046_keypoints.json
Pass 13_000000000047_keypoints.json
Pass 13_000000000048_keypoints.json
Pass 13_000000000049_keypoints.json
Pass 13_000000000050_keypoints.json
Pass 13_000000000051_keypoints.json
Pass 13_000000000052_keypoints.json
Pass 13_000000000053_keypoints.json
Pass 13_000000000054_keypoints.json
Pass 13_000000000055_keypoints.json
Pass 13_000000000056_keypoints.json
Pass 13_000000000057_keypoints.json
Pass 13_000000000058_keypoints.json
Pass 13_000000000059_keypoints.json
Pass 13_000000000060_keypoints.json
Pass 13_000000000061_keypoints.json
Pass 13_000000000062_keypoints.json
Pass 13_000000000063_keypoints.json
Pass 13_000000000064_keypoints.json
Pass 13_000000000065_keypoints.json
Pass 13_000000000066_keypoints.json
Pass 13_000000000067_keypoints.json
 36%|███▌      | 2054/5749 [03:40<06:36,  9.31it/s]Pass 14_000000000000_keypoints.json
Pass 14_000000000001_keypoints.json
Pass 14_000000000002_keypoints.json
Pass 14_000000000003_keypoints.json
Pass 14_000000000004_keypoints.json
Pass 14_000000000005_keypoints.json
Pass 14_000000000006_keypoints.json
Pass 14_000000000007_keypoints.json
Pass 14_000000000008_keypoints.json
Pass 14_000000000009_keypoints.json
Pass 14_000000000010_keypoints.json
Pass 14_000000000011_keypoints.json
Pass 14_000000000012_keypoints.json
Pass 14_000000000013_keypoints.json
Pass 14_000000000014_keypoints.json
Pass 14_000000000015_keypoints.json
Pass 14_000000000016_keypoints.json
Pass 14_000000000017_keypoints.json
Pass 14_000000000018_keypoints.json
Pass 14_000000000019_keypoints.json
Pass 14_000000000020_keypoints.json
Pass 14_000000000021_keypoints.json
Pass 14_000000000022_keypoints.json
Pass 14_000000000023_keypoints.json
Pass 14_000000000024_keypoints.json
Pass 14_000000000025_keypoints.json
Pass 14_000000000026_keypoints.json
Pass 14_000000000027_keypoints.json
Pass 14_000000000028_keypoints.json
Pass 14_000000000029_keypoints.json
Pass 14_000000000030_keypoints.json
Pass 14_000000000031_keypoints.json
Pass 14_000000000032_keypoints.json
Pass 14_000000000033_keypoints.json
Pass 14_000000000034_keypoints.json
Pass 14_000000000035_keypoints.json
Pass 14_000000000036_keypoints.json
Pass 14_000000000037_keypoints.json
Pass 14_000000000038_keypoints.json
Pass 14_000000000039_keypoints.json
Pass 14_000000000040_keypoints.json
Pass 14_000000000041_keypoints.json
Pass 14_000000000042_keypoints.json
Pass 14_000000000043_keypoints.json
Pass 14_000000000044_keypoints.json
Pass 14_000000000045_keypoints.json
Pass 14_000000000046_keypoints.json
Pass 14_000000000047_keypoints.json
Pass 14_000000000048_keypoints.json
Pass 14_000000000049_keypoints.json
Pass 14_000000000050_keypoints.json
Pass 14_000000000051_keypoints.json
Pass 14_000000000052_keypoints.json
Pass 14_000000000053_keypoints.json
Pass 14_000000000054_keypoints.json
Pass 14_000000000055_keypoints.json
Pass 14_000000000056_keypoints.json
Pass 14_000000000057_keypoints.json
Pass 14_000000000058_keypoints.json
Pass 14_000000000059_keypoints.json
Pass 14_000000000060_keypoints.json
Pass 14_000000000061_keypoints.json
Pass 14_000000000062_keypoints.json
Pass 14_000000000063_keypoints.json
Pass 14_000000000064_keypoints.json
Pass 14_000000000065_keypoints.json
Pass 14_000000000066_keypoints.json
Pass 14_000000000067_keypoints.json
 36%|███▌      | 2065/5749 [03:41<06:28,  9.48it/s]Pass 15_000000000000_keypoints.json
Pass 15_000000000001_keypoints.json
Pass 15_000000000002_keypoints.json
Pass 15_000000000003_keypoints.json
Pass 15_000000000004_keypoints.json
Pass 15_000000000005_keypoints.json
Pass 15_000000000006_keypoints.json
Pass 15_000000000007_keypoints.json
Pass 15_000000000008_keypoints.json
Pass 15_000000000009_keypoints.json
Pass 15_000000000010_keypoints.json
Pass 15_000000000011_keypoints.json
Pass 15_000000000012_keypoints.json
Pass 15_000000000013_keypoints.json
Pass 15_000000000014_keypoints.json
Pass 15_000000000015_keypoints.json
Pass 15_000000000016_keypoints.json
Pass 15_000000000017_keypoints.json
Pass 15_000000000018_keypoints.json
Pass 15_000000000019_keypoints.json
Pass 15_000000000020_keypoints.json
Pass 15_000000000021_keypoints.json
Pass 15_000000000022_keypoints.json
Pass 15_000000000023_keypoints.json
Pass 15_000000000024_keypoints.json
Pass 15_000000000025_keypoints.json
Pass 15_000000000026_keypoints.json
Pass 15_000000000027_keypoints.json
Pass 15_000000000028_keypoints.json
Pass 15_000000000029_keypoints.json
Pass 15_000000000030_keypoints.json
Pass 15_000000000031_keypoints.json
Pass 15_000000000032_keypoints.json
Pass 15_000000000033_keypoints.json
Pass 15_000000000034_keypoints.json
Pass 15_000000000035_keypoints.json
Pass 15_000000000036_keypoints.json
Pass 15_000000000037_keypoints.json
Pass 15_000000000038_keypoints.json
Pass 15_000000000039_keypoints.json
Pass 15_000000000040_keypoints.json
Pass 15_000000000041_keypoints.json
Pass 15_000000000042_keypoints.json
Pass 15_000000000043_keypoints.json
Pass 15_000000000044_keypoints.json
Pass 15_000000000045_keypoints.json
Pass 15_000000000046_keypoints.json
Pass 15_000000000047_keypoints.json
Pass 15_000000000048_keypoints.json
Pass 15_000000000049_keypoints.json
Pass 15_000000000050_keypoints.json
Pass 15_000000000051_keypoints.json
Pass 15_000000000052_keypoints.json
Pass 15_000000000053_keypoints.json
Pass 15_000000000054_keypoints.json
Pass 15_000000000055_keypoints.json
Pass 15_000000000056_keypoints.json
Pass 15_000000000057_keypoints.json
Pass 15_000000000058_keypoints.json
Pass 15_000000000059_keypoints.json
Pass 15_000000000060_keypoints.json
Pass 15_000000000061_keypoints.json
Pass 15_000000000062_keypoints.json
Pass 15_000000000063_keypoints.json
Pass 15_000000000064_keypoints.json
Pass 15_000000000065_keypoints.json
Pass 15_000000000066_keypoints.json
Pass 15_000000000067_keypoints.json
Pass 15_000000000068_keypoints.json
Pass 15_000000000069_keypoints.json
Pass 15_000000000070_keypoints.json
 36%|███▌      | 2075/5749 [03:42<06:18,  9.71it/s]Pass 16_000000000000_keypoints.json
Pass 16_000000000001_keypoints.json
Pass 16_000000000002_keypoints.json
Pass 16_000000000003_keypoints.json
Pass 16_000000000004_keypoints.json
Pass 16_000000000005_keypoints.json
Pass 16_000000000006_keypoints.json
Pass 16_000000000007_keypoints.json
Pass 16_000000000008_keypoints.json
Pass 16_000000000009_keypoints.json
Pass 16_000000000010_keypoints.json
Pass 16_000000000011_keypoints.json
Pass 16_000000000012_keypoints.json
Pass 16_000000000013_keypoints.json
Pass 16_000000000014_keypoints.json
Pass 16_000000000015_keypoints.json
Pass 16_000000000016_keypoints.json
Pass 16_000000000017_keypoints.json
Pass 16_000000000018_keypoints.json
Pass 16_000000000019_keypoints.json
Pass 16_000000000020_keypoints.json
Pass 16_000000000021_keypoints.json
Pass 16_000000000022_keypoints.json
Pass 16_000000000023_keypoints.json
Pass 16_000000000024_keypoints.json
Pass 16_000000000025_keypoints.json
Pass 16_000000000026_keypoints.json
Pass 16_000000000027_keypoints.json
Pass 16_000000000028_keypoints.json
Pass 16_000000000029_keypoints.json
Pass 16_000000000030_keypoints.json
Pass 16_000000000031_keypoints.json
Pass 16_000000000032_keypoints.json
Pass 16_000000000033_keypoints.json
Pass 16_000000000034_keypoints.json
Pass 16_000000000035_keypoints.json
Pass 16_000000000036_keypoints.json
Pass 16_000000000037_keypoints.json
Pass 16_000000000038_keypoints.json
Pass 16_000000000039_keypoints.json
Pass 16_000000000040_keypoints.json
Pass 16_000000000041_keypoints.json
Pass 16_000000000042_keypoints.json
Pass 16_000000000043_keypoints.json
Pass 16_000000000044_keypoints.json
Pass 16_000000000045_keypoints.json
Pass 16_000000000046_keypoints.json
Pass 16_000000000047_keypoints.json
Pass 16_000000000048_keypoints.json
Pass 16_000000000049_keypoints.json
Pass 16_000000000050_keypoints.json
Pass 16_000000000051_keypoints.json
Pass 16_000000000052_keypoints.json
Pass 16_000000000053_keypoints.json
Pass 16_000000000054_keypoints.json
Pass 16_000000000055_keypoints.json
Pass 16_000000000056_keypoints.json
Pass 16_000000000057_keypoints.json
Pass 16_000000000058_keypoints.json
Pass 16_000000000059_keypoints.json
Pass 16_000000000060_keypoints.json
Pass 16_000000000061_keypoints.json
Pass 16_000000000062_keypoints.json
Pass 16_000000000063_keypoints.json
Pass 16_000000000064_keypoints.json
Pass 16_000000000065_keypoints.json
Pass 16_000000000066_keypoints.json
Pass 16_000000000067_keypoints.json
Pass 16_000000000068_keypoints.json
Pass 16_000000000069_keypoints.json
Pass 16_000000000070_keypoints.json
 36%|███▌      | 2084/5749 [03:43<05:59, 10.19it/s]Pass 17_000000000000_keypoints.json
Pass 17_000000000001_keypoints.json
Pass 17_000000000002_keypoints.json
Pass 17_000000000003_keypoints.json
Pass 17_000000000004_keypoints.json
Pass 17_000000000005_keypoints.json
Pass 17_000000000006_keypoints.json
Pass 17_000000000007_keypoints.json
Pass 17_000000000008_keypoints.json
Pass 17_000000000009_keypoints.json
Pass 17_000000000010_keypoints.json
Pass 17_000000000011_keypoints.json
Pass 17_000000000012_keypoints.json
Pass 17_000000000013_keypoints.json
Pass 17_000000000014_keypoints.json
Pass 17_000000000015_keypoints.json
Pass 17_000000000016_keypoints.json
Pass 17_000000000017_keypoints.json
Pass 17_000000000018_keypoints.json
Pass 17_000000000019_keypoints.json
Pass 17_000000000020_keypoints.json
Pass 17_000000000021_keypoints.json
Pass 17_000000000022_keypoints.json
Pass 17_000000000023_keypoints.json
Pass 17_000000000024_keypoints.json
Pass 17_000000000025_keypoints.json
Pass 17_000000000026_keypoints.json
Pass 17_000000000027_keypoints.json
Pass 17_000000000028_keypoints.json
Pass 17_000000000029_keypoints.json
Pass 17_000000000030_keypoints.json
Pass 17_000000000031_keypoints.json
Pass 17_000000000032_keypoints.json
Pass 17_000000000033_keypoints.json
Pass 17_000000000034_keypoints.json
Pass 17_000000000035_keypoints.json
Pass 17_000000000036_keypoints.json
Pass 17_000000000037_keypoints.json
Pass 17_000000000038_keypoints.json
Pass 17_000000000039_keypoints.json
Pass 17_000000000040_keypoints.json
Pass 17_000000000041_keypoints.json
Pass 17_000000000042_keypoints.json
Pass 17_000000000043_keypoints.json
Pass 17_000000000044_keypoints.json
Pass 17_000000000045_keypoints.json
Pass 17_000000000046_keypoints.json
Pass 17_000000000047_keypoints.json
Pass 17_000000000048_keypoints.json
Pass 17_000000000049_keypoints.json
Pass 17_000000000050_keypoints.json
Pass 17_000000000051_keypoints.json
Pass 17_000000000052_keypoints.json
Pass 17_000000000053_keypoints.json
Pass 17_000000000054_keypoints.json
Pass 17_000000000055_keypoints.json
Pass 17_000000000056_keypoints.json
Pass 17_000000000057_keypoints.json
Pass 17_000000000058_keypoints.json
Pass 17_000000000059_keypoints.json
Pass 17_000000000060_keypoints.json
Pass 17_000000000061_keypoints.json
Pass 17_000000000062_keypoints.json
Pass 17_000000000063_keypoints.json
Pass 17_000000000064_keypoints.json
Pass 17_000000000065_keypoints.json
Pass 17_000000000066_keypoints.json
Pass 17_000000000067_keypoints.json
Pass 17_000000000068_keypoints.json
Pass 17_000000000069_keypoints.json
Pass 17_000000000070_keypoints.json
 36%|███▋      | 2092/5749 [03:44<07:44,  7.88it/s]Pass 18_000000000000_keypoints.json
Pass 18_000000000001_keypoints.json
Pass 18_000000000002_keypoints.json
Pass 18_000000000003_keypoints.json
Pass 18_000000000004_keypoints.json
Pass 18_000000000005_keypoints.json
Pass 18_000000000006_keypoints.json
Pass 18_000000000007_keypoints.json
Pass 18_000000000008_keypoints.json
Pass 18_000000000009_keypoints.json
Pass 18_000000000010_keypoints.json
Pass 18_000000000011_keypoints.json
Pass 18_000000000012_keypoints.json
Pass 18_000000000013_keypoints.json
Pass 18_000000000014_keypoints.json
Pass 18_000000000015_keypoints.json
Pass 18_000000000016_keypoints.json
Pass 18_000000000017_keypoints.json
Pass 18_000000000018_keypoints.json
Pass 18_000000000019_keypoints.json
Pass 18_000000000020_keypoints.json
Pass 18_000000000021_keypoints.json
Pass 18_000000000022_keypoints.json
Pass 18_000000000023_keypoints.json
Pass 18_000000000024_keypoints.json
Pass 18_000000000025_keypoints.json
Pass 18_000000000026_keypoints.json
Pass 18_000000000027_keypoints.json
Pass 18_000000000028_keypoints.json
Pass 18_000000000029_keypoints.json
Pass 18_000000000030_keypoints.json
Pass 18_000000000031_keypoints.json
Pass 18_000000000032_keypoints.json
Pass 18_000000000033_keypoints.json
Pass 18_000000000034_keypoints.json
Pass 18_000000000035_keypoints.json
Pass 18_000000000036_keypoints.json
Pass 18_000000000037_keypoints.json
Pass 18_000000000038_keypoints.json
Pass 18_000000000039_keypoints.json
Pass 18_000000000040_keypoints.json
Pass 18_000000000041_keypoints.json
Pass 18_000000000042_keypoints.json
Pass 18_000000000043_keypoints.json
Pass 18_000000000044_keypoints.json
Pass 18_000000000045_keypoints.json
Pass 18_000000000046_keypoints.json
Pass 18_000000000047_keypoints.json
Pass 18_000000000048_keypoints.json
Pass 18_000000000049_keypoints.json
Pass 18_000000000050_keypoints.json
Pass 18_000000000051_keypoints.json
Pass 18_000000000052_keypoints.json
Pass 18_000000000053_keypoints.json
Pass 18_000000000054_keypoints.json
Pass 18_000000000055_keypoints.json
Pass 18_000000000056_keypoints.json
Pass 18_000000000057_keypoints.json
Pass 18_000000000058_keypoints.json
Pass 18_000000000059_keypoints.json
Pass 18_000000000060_keypoints.json
Pass 18_000000000061_keypoints.json
Pass 18_000000000062_keypoints.json
Pass 18_000000000063_keypoints.json
Pass 18_000000000064_keypoints.json
Pass 18_000000000065_keypoints.json
Pass 18_000000000066_keypoints.json
Pass 18_000000000067_keypoints.json
Pass 18_000000000068_keypoints.json
Pass 18_000000000069_keypoints.json
Pass 18_000000000070_keypoints.json
Pass 18_000000000071_keypoints.json
Pass 18_000000000072_keypoints.json
Pass 18_000000000073_keypoints.json
Pass 18_000000000074_keypoints.json
Pass 18_000000000075_keypoints.json
Pass 18_000000000076_keypoints.json
 37%|███▋      | 2111/5749 [03:47<07:38,  7.93it/s]Pass 2_000000000000_keypoints.json
Pass 2_000000000001_keypoints.json
Pass 2_000000000002_keypoints.json
Pass 2_000000000003_keypoints.json
Pass 2_000000000004_keypoints.json
Pass 2_000000000005_keypoints.json
Pass 2_000000000006_keypoints.json
Pass 2_000000000007_keypoints.json
Pass 2_000000000008_keypoints.json
Pass 2_000000000009_keypoints.json
Pass 2_000000000010_keypoints.json
Pass 2_000000000011_keypoints.json
Pass 2_000000000012_keypoints.json
Pass 2_000000000013_keypoints.json
Pass 2_000000000014_keypoints.json
Pass 2_000000000015_keypoints.json
Pass 2_000000000016_keypoints.json
Pass 2_000000000017_keypoints.json
Pass 2_000000000018_keypoints.json
Pass 2_000000000019_keypoints.json
Pass 2_000000000020_keypoints.json
Pass 2_000000000021_keypoints.json
Pass 2_000000000022_keypoints.json
Pass 2_000000000023_keypoints.json
Pass 2_000000000024_keypoints.json
Pass 2_000000000025_keypoints.json
Pass 2_000000000026_keypoints.json
Pass 2_000000000027_keypoints.json
Pass 2_000000000028_keypoints.json
Pass 2_000000000029_keypoints.json
Pass 2_000000000030_keypoints.json
Pass 2_000000000031_keypoints.json
Pass 2_000000000032_keypoints.json
Pass 2_000000000033_keypoints.json
Pass 2_000000000034_keypoints.json
Pass 2_000000000035_keypoints.json
Pass 2_000000000036_keypoints.json
Pass 2_000000000037_keypoints.json
Pass 2_000000000038_keypoints.json
Pass 2_000000000039_keypoints.json
Pass 2_000000000040_keypoints.json
Pass 2_000000000041_keypoints.json
Pass 2_000000000042_keypoints.json
Pass 2_000000000043_keypoints.json
Pass 2_000000000044_keypoints.json
Pass 2_000000000045_keypoints.json
Pass 2_000000000046_keypoints.json
Pass 2_000000000047_keypoints.json
Pass 2_000000000048_keypoints.json
Pass 2_000000000049_keypoints.json
Pass 2_000000000050_keypoints.json
Pass 2_000000000051_keypoints.json
Pass 2_000000000052_keypoints.json
Pass 2_000000000053_keypoints.json
Pass 2_000000000054_keypoints.json
Pass 2_000000000055_keypoints.json
Pass 2_000000000056_keypoints.json
Pass 2_000000000057_keypoints.json
Pass 2_000000000058_keypoints.json
Pass 2_000000000059_keypoints.json
Pass 2_000000000060_keypoints.json
Pass 2_000000000061_keypoints.json
Pass 2_000000000062_keypoints.json
 37%|███▋      | 2112/5749 [03:47<08:02,  7.54it/s]Pass 20_000000000000_keypoints.json
Pass 20_000000000001_keypoints.json
Pass 20_000000000002_keypoints.json
Pass 20_000000000003_keypoints.json
Pass 20_000000000004_keypoints.json
Pass 20_000000000005_keypoints.json
Pass 20_000000000006_keypoints.json
Pass 20_000000000007_keypoints.json
Pass 20_000000000008_keypoints.json
Pass 20_000000000009_keypoints.json
Pass 20_000000000010_keypoints.json
Pass 20_000000000011_keypoints.json
Pass 20_000000000012_keypoints.json
Pass 20_000000000013_keypoints.json
Pass 20_000000000014_keypoints.json
Pass 20_000000000015_keypoints.json
Pass 20_000000000016_keypoints.json
Pass 20_000000000017_keypoints.json
Pass 20_000000000018_keypoints.json
Pass 20_000000000019_keypoints.json
Pass 20_000000000020_keypoints.json
Pass 20_000000000021_keypoints.json
Pass 20_000000000022_keypoints.json
Pass 20_000000000023_keypoints.json
Pass 20_000000000024_keypoints.json
Pass 20_000000000025_keypoints.json
Pass 20_000000000026_keypoints.json
Pass 20_000000000027_keypoints.json
Pass 20_000000000028_keypoints.json
Pass 20_000000000029_keypoints.json
Pass 20_000000000030_keypoints.json
Pass 20_000000000031_keypoints.json
Pass 20_000000000032_keypoints.json
Pass 20_000000000033_keypoints.json
Pass 20_000000000034_keypoints.json
Pass 20_000000000035_keypoints.json
Pass 20_000000000036_keypoints.json
Pass 20_000000000037_keypoints.json
Pass 20_000000000038_keypoints.json
Pass 20_000000000039_keypoints.json
Pass 20_000000000040_keypoints.json
Pass 20_000000000041_keypoints.json
Pass 20_000000000042_keypoints.json
Pass 20_000000000043_keypoints.json
Pass 20_000000000044_keypoints.json
Pass 20_000000000045_keypoints.json
Pass 20_000000000046_keypoints.json
Pass 20_000000000047_keypoints.json
Pass 20_000000000048_keypoints.json
Pass 20_000000000049_keypoints.json
Pass 20_000000000050_keypoints.json
Pass 20_000000000051_keypoints.json
Pass 20_000000000052_keypoints.json
Pass 20_000000000053_keypoints.json
Pass 20_000000000054_keypoints.json
Pass 20_000000000055_keypoints.json
Pass 20_000000000056_keypoints.json
Pass 20_000000000057_keypoints.json
Pass 20_000000000058_keypoints.json
Pass 20_000000000059_keypoints.json
Pass 20_000000000060_keypoints.json
Pass 20_000000000061_keypoints.json
 38%|███▊      | 2178/5749 [03:56<08:42,  6.84it/s]Pass 8_000000000000_keypoints.json
Pass 8_000000000001_keypoints.json
Pass 8_000000000002_keypoints.json
Pass 8_000000000003_keypoints.json
Pass 8_000000000004_keypoints.json
Pass 8_000000000005_keypoints.json
Pass 8_000000000006_keypoints.json
Pass 8_000000000007_keypoints.json
Pass 8_000000000008_keypoints.json
Pass 8_000000000009_keypoints.json
Pass 8_000000000010_keypoints.json
Pass 8_000000000011_keypoints.json
Pass 8_000000000012_keypoints.json
Pass 8_000000000013_keypoints.json
Pass 8_000000000014_keypoints.json
Pass 8_000000000015_keypoints.json
Pass 8_000000000016_keypoints.json
Pass 8_000000000017_keypoints.json
Pass 8_000000000018_keypoints.json
Pass 8_000000000019_keypoints.json
Pass 8_000000000020_keypoints.json
Pass 8_000000000021_keypoints.json
Pass 8_000000000022_keypoints.json
Pass 8_000000000023_keypoints.json
Pass 8_000000000024_keypoints.json
Pass 8_000000000025_keypoints.json
Pass 8_000000000026_keypoints.json
Pass 8_000000000027_keypoints.json
Pass 8_000000000028_keypoints.json
Pass 8_000000000029_keypoints.json
Pass 8_000000000030_keypoints.json
Pass 8_000000000031_keypoints.json
Pass 8_000000000032_keypoints.json
Pass 8_000000000033_keypoints.json
Pass 8_000000000034_keypoints.json
Pass 8_000000000035_keypoints.json
Pass 8_000000000036_keypoints.json
Pass 8_000000000037_keypoints.json
Pass 8_000000000038_keypoints.json
Pass 8_000000000039_keypoints.json
Pass 8_000000000040_keypoints.json
Pass 8_000000000041_keypoints.json
Pass 8_000000000042_keypoints.json
Pass 8_000000000043_keypoints.json
Pass 8_000000000044_keypoints.json
Pass 8_000000000045_keypoints.json
Pass 8_000000000046_keypoints.json
Pass 8_000000000047_keypoints.json
Pass 8_000000000048_keypoints.json
Pass 8_000000000049_keypoints.json
Pass 8_000000000050_keypoints.json
Pass 8_000000000051_keypoints.json
Pass 8_000000000052_keypoints.json
Pass 8_000000000053_keypoints.json
Pass 8_000000000054_keypoints.json
Pass 8_000000000055_keypoints.json
Pass 8_000000000056_keypoints.json
Pass 8_000000000057_keypoints.json
Pass 8_000000000058_keypoints.json
Pass 8_000000000059_keypoints.json
Pass 8_000000000060_keypoints.json
Pass 8_000000000061_keypoints.json
 38%|███▊      | 2180/5749 [03:56<06:27,  9.22it/s]Pass 18_000000000000_keypoints.json
Pass 18_000000000001_keypoints.json
Pass 18_000000000002_keypoints.json
Pass 18_000000000003_keypoints.json
Pass 18_000000000004_keypoints.json
Pass 18_000000000005_keypoints.json
Pass 18_000000000006_keypoints.json
Pass 18_000000000007_keypoints.json
Pass 18_000000000008_keypoints.json
Pass 18_000000000009_keypoints.json
Pass 18_000000000010_keypoints.json
Pass 18_000000000011_keypoints.json
Pass 18_000000000012_keypoints.json
Pass 18_000000000013_keypoints.json
Pass 18_000000000014_keypoints.json
Pass 18_000000000015_keypoints.json
Pass 18_000000000016_keypoints.json
Pass 18_000000000017_keypoints.json
Pass 18_000000000018_keypoints.json
Pass 18_000000000019_keypoints.json
Pass 18_000000000020_keypoints.json
Pass 18_000000000021_keypoints.json
Pass 18_000000000022_keypoints.json
Pass 18_000000000023_keypoints.json
Pass 18_000000000024_keypoints.json
Pass 18_000000000025_keypoints.json
Pass 18_000000000026_keypoints.json
Pass 18_000000000027_keypoints.json
Pass 18_000000000028_keypoints.json
Pass 18_000000000029_keypoints.json
Pass 18_000000000030_keypoints.json
Pass 18_000000000031_keypoints.json
Pass 18_000000000032_keypoints.json
Pass 18_000000000033_keypoints.json
Pass 18_000000000034_keypoints.json
Pass 18_000000000035_keypoints.json
Pass 18_000000000036_keypoints.json
Pass 18_000000000037_keypoints.json
Pass 18_000000000038_keypoints.json
Pass 18_000000000039_keypoints.json
Pass 18_000000000040_keypoints.json
Pass 18_000000000041_keypoints.json
Pass 18_000000000042_keypoints.json
Pass 18_000000000043_keypoints.json
Pass 18_000000000044_keypoints.json
Pass 18_000000000045_keypoints.json
Pass 18_000000000046_keypoints.json
Pass 18_000000000047_keypoints.json
Pass 18_000000000048_keypoints.json
Pass 18_000000000049_keypoints.json
Pass 18_000000000050_keypoints.json
Pass 18_000000000051_keypoints.json
Pass 18_000000000052_keypoints.json
Pass 18_000000000053_keypoints.json
Pass 18_000000000054_keypoints.json
Pass 18_000000000055_keypoints.json
Pass 18_000000000056_keypoints.json
Pass 18_000000000057_keypoints.json
Pass 18_000000000058_keypoints.json
Pass 18_000000000059_keypoints.json
Pass 18_000000000060_keypoints.json
Pass 18_000000000061_keypoints.json
Pass 18_000000000062_keypoints.json
Pass 18_000000000063_keypoints.json
Pass 18_000000000064_keypoints.json
Pass 18_000000000065_keypoints.json
Pass 18_000000000066_keypoints.json
Pass 18_000000000067_keypoints.json
Pass 18_000000000068_keypoints.json
Pass 18_000000000069_keypoints.json
Pass 18_000000000070_keypoints.json
Pass 18_000000000071_keypoints.json
Pass 18_000000000072_keypoints.json
Pass 18_000000000073_keypoints.json
Pass 18_000000000074_keypoints.json
Pass 18_000000000075_keypoints.json
Pass 18_000000000076_keypoints.json
Pass 80_000000000000_keypoints.json
Pass 80_000000000001_keypoints.json
Pass 80_000000000002_keypoints.json
Pass 80_000000000003_keypoints.json
Pass 80_000000000004_keypoints.json
Pass 80_000000000005_keypoints.json
Pass 80_000000000006_keypoints.json
Pass 80_000000000007_keypoints.json
Pass 80_000000000008_keypoints.json
Pass 80_000000000009_keypoints.json
Pass 80_000000000010_keypoints.json
Pass 80_000000000011_keypoints.json
Pass 80_000000000012_keypoints.json
Pass 80_000000000013_keypoints.json
Pass 80_000000000014_keypoints.json
Pass 80_000000000015_keypoints.json
Pass 80_000000000016_keypoints.json
Pass 80_000000000017_keypoints.json
Pass 80_000000000018_keypoints.json
Pass 80_000000000019_keypoints.json
Pass 80_000000000020_keypoints.json
Pass 80_000000000021_keypoints.json
Pass 80_000000000022_keypoints.json
Pass 80_000000000023_keypoints.json
Pass 80_000000000024_keypoints.json
Pass 80_000000000025_keypoints.json
Pass 80_000000000026_keypoints.json
Pass 80_000000000027_keypoints.json
Pass 80_000000000028_keypoints.json
Pass 80_000000000029_keypoints.json
Pass 80_000000000030_keypoints.json
Pass 80_000000000031_keypoints.json
Pass 80_000000000032_keypoints.json
Pass 80_000000000033_keypoints.json
Pass 80_000000000034_keypoints.json
Pass 80_000000000035_keypoints.json
Pass 80_000000000036_keypoints.json
Pass 80_000000000037_keypoints.json
Pass 80_000000000038_keypoints.json
Pass 80_000000000039_keypoints.json
Pass 80_000000000040_keypoints.json
Pass 80_000000000041_keypoints.json
Pass 80_000000000042_keypoints.json
Pass 80_000000000043_keypoints.json
Pass 80_000000000044_keypoints.json
Pass 80_000000000045_keypoints.json
Pass 80_000000000046_keypoints.json
Pass 80_000000000047_keypoints.json
Pass 80_000000000048_keypoints.json
Pass 80_000000000049_keypoints.json
Pass 80_000000000050_keypoints.json
Pass 80_000000000051_keypoints.json
Pass 80_000000000052_keypoints.json
Pass 80_000000000053_keypoints.json
Pass 80_000000000054_keypoints.json
Pass 80_000000000055_keypoints.json
Pass 80_000000000056_keypoints.json
Pass 80_000000000057_keypoints.json
Pass 80_000000000058_keypoints.json
Pass 80_000000000059_keypoints.json
 38%|███▊      | 2185/5749 [03:57<05:47, 10.26it/s]Pass 11_000000000000_keypoints.json
Pass 11_000000000001_keypoints.json
Pass 11_000000000002_keypoints.json
Pass 11_000000000003_keypoints.json
Pass 11_000000000004_keypoints.json
Pass 11_000000000005_keypoints.json
Pass 11_000000000006_keypoints.json
Pass 11_000000000007_keypoints.json
Pass 11_000000000008_keypoints.json
Pass 11_000000000009_keypoints.json
Pass 11_000000000010_keypoints.json
Pass 11_000000000011_keypoints.json
Pass 11_000000000012_keypoints.json
Pass 11_000000000013_keypoints.json
Pass 11_000000000014_keypoints.json
Pass 11_000000000015_keypoints.json
Pass 11_000000000016_keypoints.json
Pass 11_000000000017_keypoints.json
Pass 11_000000000018_keypoints.json
Pass 11_000000000019_keypoints.json
Pass 11_000000000020_keypoints.json
Pass 11_000000000021_keypoints.json
Pass 11_000000000022_keypoints.json
Pass 11_000000000023_keypoints.json
Pass 11_000000000024_keypoints.json
Pass 11_000000000025_keypoints.json
Pass 11_000000000026_keypoints.json
Pass 11_000000000027_keypoints.json
Pass 11_000000000028_keypoints.json
Pass 11_000000000029_keypoints.json
Pass 11_000000000030_keypoints.json
Pass 11_000000000031_keypoints.json
Pass 11_000000000032_keypoints.json
Pass 11_000000000033_keypoints.json
Pass 11_000000000034_keypoints.json
Pass 11_000000000035_keypoints.json
Pass 11_000000000036_keypoints.json
Pass 11_000000000037_keypoints.json
Pass 11_000000000038_keypoints.json
Pass 11_000000000039_keypoints.json
Pass 11_000000000040_keypoints.json
Pass 11_000000000041_keypoints.json
Pass 11_000000000042_keypoints.json
Pass 11_000000000043_keypoints.json
Pass 11_000000000044_keypoints.json
Pass 11_000000000045_keypoints.json
Pass 11_000000000046_keypoints.json
Pass 11_000000000047_keypoints.json
Pass 11_000000000048_keypoints.json
Pass 11_000000000049_keypoints.json
Pass 11_000000000050_keypoints.json
Pass 11_000000000051_keypoints.json
Pass 11_000000000052_keypoints.json
Pass 11_000000000053_keypoints.json
Pass 11_000000000054_keypoints.json
Pass 11_000000000055_keypoints.json
Pass 11_000000000056_keypoints.json
Pass 11_000000000057_keypoints.json
Pass 11_000000000058_keypoints.json
Pass 11_000000000059_keypoints.json
Pass 11_000000000060_keypoints.json
Pass 11_000000000061_keypoints.json
 38%|███▊      | 2208/5749 [03:59<06:38,  8.88it/s]Pass 3_000000000000_keypoints.json
Pass 3_000000000001_keypoints.json
Pass 3_000000000002_keypoints.json
Pass 3_000000000003_keypoints.json
Pass 3_000000000004_keypoints.json
Pass 3_000000000005_keypoints.json
Pass 3_000000000006_keypoints.json
Pass 3_000000000007_keypoints.json
Pass 3_000000000008_keypoints.json
Pass 3_000000000009_keypoints.json
Pass 3_000000000010_keypoints.json
Pass 3_000000000011_keypoints.json
Pass 3_000000000012_keypoints.json
Pass 3_000000000013_keypoints.json
Pass 3_000000000014_keypoints.json
Pass 3_000000000015_keypoints.json
Pass 3_000000000016_keypoints.json
Pass 3_000000000017_keypoints.json
Pass 3_000000000018_keypoints.json
Pass 3_000000000019_keypoints.json
Pass 3_000000000020_keypoints.json
Pass 3_000000000021_keypoints.json
Pass 3_000000000022_keypoints.json
Pass 3_000000000023_keypoints.json
Pass 3_000000000024_keypoints.json
Pass 3_000000000025_keypoints.json
Pass 3_000000000026_keypoints.json
Pass 3_000000000027_keypoints.json
Pass 3_000000000028_keypoints.json
Pass 3_000000000029_keypoints.json
Pass 3_000000000030_keypoints.json
Pass 3_000000000031_keypoints.json
Pass 3_000000000032_keypoints.json
Pass 3_000000000033_keypoints.json
Pass 3_000000000034_keypoints.json
Pass 3_000000000035_keypoints.json
Pass 3_000000000036_keypoints.json
Pass 3_000000000037_keypoints.json
Pass 3_000000000038_keypoints.json
Pass 3_000000000039_keypoints.json
Pass 3_000000000040_keypoints.json
Pass 3_000000000041_keypoints.json
Pass 3_000000000042_keypoints.json
Pass 3_000000000043_keypoints.json
Pass 3_000000000044_keypoints.json
Pass 3_000000000045_keypoints.json
Pass 3_000000000046_keypoints.json
Pass 3_000000000047_keypoints.json
Pass 3_000000000048_keypoints.json
Pass 3_000000000049_keypoints.json
Pass 3_000000000050_keypoints.json
Pass 3_000000000051_keypoints.json
Pass 3_000000000052_keypoints.json
Pass 3_000000000053_keypoints.json
Pass 3_000000000054_keypoints.json
Pass 3_000000000055_keypoints.json
Pass 3_000000000056_keypoints.json
Pass 3_000000000057_keypoints.json
Pass 3_000000000058_keypoints.json
Pass 3_000000000059_keypoints.json
Pass 3_000000000060_keypoints.json
Pass 3_000000000061_keypoints.json
Pass 3_000000000062_keypoints.json
Pass 3_000000000063_keypoints.json
Pass 3_000000000064_keypoints.json
Pass 3_000000000065_keypoints.json
Pass 3_000000000066_keypoints.json
Pass 3_000000000067_keypoints.json
Pass 3_000000000068_keypoints.json
Pass 3_000000000069_keypoints.json
 39%|███▉      | 2229/5749 [04:02<08:49,  6.65it/s]Pass 15_000000000000_keypoints.json
Pass 15_000000000001_keypoints.json
Pass 15_000000000002_keypoints.json
Pass 15_000000000003_keypoints.json
Pass 15_000000000004_keypoints.json
Pass 15_000000000005_keypoints.json
Pass 15_000000000006_keypoints.json
Pass 15_000000000007_keypoints.json
Pass 15_000000000008_keypoints.json
Pass 15_000000000009_keypoints.json
Pass 15_000000000010_keypoints.json
Pass 15_000000000011_keypoints.json
Pass 15_000000000012_keypoints.json
Pass 15_000000000013_keypoints.json
Pass 15_000000000014_keypoints.json
Pass 15_000000000015_keypoints.json
Pass 15_000000000016_keypoints.json
Pass 15_000000000017_keypoints.json
Pass 15_000000000018_keypoints.json
Pass 15_000000000019_keypoints.json
Pass 15_000000000020_keypoints.json
Pass 15_000000000021_keypoints.json
Pass 15_000000000022_keypoints.json
Pass 15_000000000023_keypoints.json
Pass 15_000000000024_keypoints.json
Pass 15_000000000025_keypoints.json
Pass 15_000000000026_keypoints.json
Pass 15_000000000027_keypoints.json
Pass 15_000000000028_keypoints.json
Pass 15_000000000029_keypoints.json
Pass 15_000000000030_keypoints.json
Pass 15_000000000031_keypoints.json
Pass 15_000000000032_keypoints.json
Pass 15_000000000033_keypoints.json
Pass 15_000000000034_keypoints.json
Pass 15_000000000035_keypoints.json
Pass 15_000000000036_keypoints.json
Pass 15_000000000037_keypoints.json
Pass 15_000000000038_keypoints.json
Pass 15_000000000039_keypoints.json
Pass 15_000000000040_keypoints.json
Pass 15_000000000041_keypoints.json
Pass 15_000000000042_keypoints.json
Pass 15_000000000043_keypoints.json
Pass 15_000000000044_keypoints.json
Pass 15_000000000045_keypoints.json
Pass 15_000000000046_keypoints.json
Pass 15_000000000047_keypoints.json
Pass 15_000000000048_keypoints.json
Pass 15_000000000049_keypoints.json
Pass 15_000000000050_keypoints.json
Pass 15_000000000051_keypoints.json
Pass 15_000000000052_keypoints.json
Pass 15_000000000053_keypoints.json
Pass 15_000000000054_keypoints.json
Pass 15_000000000055_keypoints.json
Pass 15_000000000056_keypoints.json
Pass 15_000000000057_keypoints.json
Pass 15_000000000058_keypoints.json
Pass 15_000000000059_keypoints.json
Pass 15_000000000060_keypoints.json
Pass 15_000000000061_keypoints.json
Pass 15_000000000062_keypoints.json
Pass 15_000000000063_keypoints.json
Pass 15_000000000064_keypoints.json
Pass 15_000000000065_keypoints.json
Pass 15_000000000066_keypoints.json
Pass 15_000000000067_keypoints.json
Pass 15_000000000068_keypoints.json
Pass 15_000000000069_keypoints.json
Pass 15_000000000070_keypoints.json
Pass 50_000000000000_keypoints.json
Pass 50_000000000001_keypoints.json
Pass 50_000000000002_keypoints.json
Pass 50_000000000003_keypoints.json
Pass 50_000000000004_keypoints.json
Pass 50_000000000005_keypoints.json
Pass 50_000000000006_keypoints.json
Pass 50_000000000007_keypoints.json
Pass 50_000000000008_keypoints.json
Pass 50_000000000009_keypoints.json
Pass 50_000000000010_keypoints.json
Pass 50_000000000011_keypoints.json
Pass 50_000000000012_keypoints.json
Pass 50_000000000013_keypoints.json
Pass 50_000000000014_keypoints.json
Pass 50_000000000015_keypoints.json
Pass 50_000000000016_keypoints.json
Pass 50_000000000017_keypoints.json
Pass 50_000000000018_keypoints.json
Pass 50_000000000019_keypoints.json
Pass 50_000000000020_keypoints.json
Pass 50_000000000021_keypoints.json
Pass 50_000000000022_keypoints.json
Pass 50_000000000023_keypoints.json
Pass 50_000000000024_keypoints.json
Pass 50_000000000025_keypoints.json
Pass 50_000000000026_keypoints.json
Pass 50_000000000027_keypoints.json
Pass 50_000000000028_keypoints.json
Pass 50_000000000029_keypoints.json
Pass 50_000000000030_keypoints.json
Pass 50_000000000031_keypoints.json
Pass 50_000000000032_keypoints.json
Pass 50_000000000033_keypoints.json
Pass 50_000000000034_keypoints.json
Pass 50_000000000035_keypoints.json
Pass 50_000000000036_keypoints.json
Pass 50_000000000037_keypoints.json
Pass 50_000000000038_keypoints.json
Pass 50_000000000039_keypoints.json
Pass 50_000000000040_keypoints.json
Pass 50_000000000041_keypoints.json
Pass 50_000000000042_keypoints.json
Pass 50_000000000043_keypoints.json
Pass 50_000000000044_keypoints.json
Pass 50_000000000045_keypoints.json
Pass 50_000000000046_keypoints.json
Pass 50_000000000047_keypoints.json
Pass 50_000000000048_keypoints.json
Pass 50_000000000049_keypoints.json
Pass 50_000000000050_keypoints.json
Pass 50_000000000051_keypoints.json
Pass 50_000000000052_keypoints.json
Pass 50_000000000053_keypoints.json
Pass 50_000000000054_keypoints.json
Pass 50_000000000055_keypoints.json
Pass 50_000000000056_keypoints.json
Pass 50_000000000057_keypoints.json
Pass 50_000000000058_keypoints.json
Pass 50_000000000059_keypoints.json
Pass 50_000000000060_keypoints.json
Pass 50_000000000061_keypoints.json
 39%|███▉      | 2235/5749 [04:03<06:36,  8.87it/s]Pass 5_000000000000_keypoints.json
Pass 5_000000000001_keypoints.json
Pass 5_000000000002_keypoints.json
Pass 5_000000000003_keypoints.json
Pass 5_000000000004_keypoints.json
Pass 5_000000000005_keypoints.json
Pass 5_000000000006_keypoints.json
Pass 5_000000000007_keypoints.json
Pass 5_000000000008_keypoints.json
Pass 5_000000000009_keypoints.json
Pass 5_000000000010_keypoints.json
Pass 5_000000000011_keypoints.json
Pass 5_000000000012_keypoints.json
Pass 5_000000000013_keypoints.json
Pass 5_000000000014_keypoints.json
Pass 5_000000000015_keypoints.json
Pass 5_000000000016_keypoints.json
Pass 5_000000000017_keypoints.json
Pass 5_000000000018_keypoints.json
Pass 5_000000000019_keypoints.json
Pass 5_000000000020_keypoints.json
Pass 5_000000000021_keypoints.json
Pass 5_000000000022_keypoints.json
Pass 5_000000000023_keypoints.json
Pass 5_000000000024_keypoints.json
Pass 5_000000000025_keypoints.json
Pass 5_000000000026_keypoints.json
Pass 5_000000000027_keypoints.json
Pass 5_000000000028_keypoints.json
Pass 5_000000000029_keypoints.json
Pass 5_000000000030_keypoints.json
Pass 5_000000000031_keypoints.json
Pass 5_000000000032_keypoints.json
Pass 5_000000000033_keypoints.json
Pass 5_000000000034_keypoints.json
Pass 5_000000000035_keypoints.json
Pass 5_000000000036_keypoints.json
Pass 5_000000000037_keypoints.json
Pass 5_000000000038_keypoints.json
Pass 5_000000000039_keypoints.json
Pass 5_000000000040_keypoints.json
Pass 5_000000000041_keypoints.json
Pass 5_000000000042_keypoints.json
Pass 5_000000000043_keypoints.json
Pass 5_000000000044_keypoints.json
Pass 5_000000000045_keypoints.json
Pass 5_000000000046_keypoints.json
Pass 5_000000000047_keypoints.json
Pass 5_000000000048_keypoints.json
Pass 5_000000000049_keypoints.json
Pass 5_000000000050_keypoints.json
Pass 5_000000000051_keypoints.json
Pass 5_000000000052_keypoints.json
Pass 5_000000000053_keypoints.json
Pass 5_000000000054_keypoints.json
Pass 5_000000000055_keypoints.json
Pass 5_000000000056_keypoints.json
Pass 5_000000000057_keypoints.json
Pass 5_000000000058_keypoints.json
Pass 5_000000000059_keypoints.json
Pass 5_000000000060_keypoints.json
Pass 5_000000000061_keypoints.json
 39%|███▉      | 2252/5749 [04:05<10:09,  5.74it/s]Pass 40_000000000000_keypoints.json
Pass 40_000000000001_keypoints.json
Pass 40_000000000002_keypoints.json
Pass 40_000000000003_keypoints.json
Pass 40_000000000004_keypoints.json
Pass 40_000000000005_keypoints.json
Pass 40_000000000006_keypoints.json
Pass 40_000000000007_keypoints.json
Pass 40_000000000008_keypoints.json
Pass 40_000000000009_keypoints.json
Pass 40_000000000010_keypoints.json
Pass 40_000000000011_keypoints.json
Pass 40_000000000012_keypoints.json
Pass 40_000000000013_keypoints.json
Pass 40_000000000014_keypoints.json
Pass 40_000000000015_keypoints.json
Pass 40_000000000016_keypoints.json
Pass 40_000000000017_keypoints.json
Pass 40_000000000018_keypoints.json
Pass 40_000000000019_keypoints.json
Pass 40_000000000020_keypoints.json
Pass 40_000000000021_keypoints.json
Pass 40_000000000022_keypoints.json
Pass 40_000000000023_keypoints.json
Pass 40_000000000024_keypoints.json
Pass 40_000000000025_keypoints.json
Pass 40_000000000026_keypoints.json
Pass 40_000000000027_keypoints.json
Pass 40_000000000028_keypoints.json
Pass 40_000000000029_keypoints.json
Pass 40_000000000030_keypoints.json
Pass 40_000000000031_keypoints.json
Pass 40_000000000032_keypoints.json
Pass 40_000000000033_keypoints.json
Pass 40_000000000034_keypoints.json
Pass 40_000000000035_keypoints.json
Pass 40_000000000036_keypoints.json
Pass 40_000000000037_keypoints.json
Pass 40_000000000038_keypoints.json
Pass 40_000000000039_keypoints.json
Pass 40_000000000040_keypoints.json
Pass 40_000000000041_keypoints.json
Pass 40_000000000042_keypoints.json
Pass 40_000000000043_keypoints.json
Pass 40_000000000044_keypoints.json
Pass 40_000000000045_keypoints.json
Pass 40_000000000046_keypoints.json
Pass 40_000000000047_keypoints.json
Pass 40_000000000048_keypoints.json
Pass 40_000000000049_keypoints.json
Pass 40_000000000050_keypoints.json
Pass 40_000000000051_keypoints.json
Pass 40_000000000052_keypoints.json
Pass 40_000000000053_keypoints.json
Pass 40_000000000054_keypoints.json
Pass 40_000000000055_keypoints.json
Pass 40_000000000056_keypoints.json
Pass 40_000000000057_keypoints.json
Pass 40_000000000058_keypoints.json
Pass 40_000000000059_keypoints.json
Pass 40_000000000060_keypoints.json
Pass 40_000000000061_keypoints.json
Pass 4_000000000000_keypoints.json
Pass 4_000000000001_keypoints.json
Pass 4_000000000002_keypoints.json
Pass 4_000000000003_keypoints.json
Pass 4_000000000004_keypoints.json
Pass 4_000000000005_keypoints.json
Pass 4_000000000006_keypoints.json
Pass 4_000000000007_keypoints.json
Pass 4_000000000008_keypoints.json
Pass 4_000000000009_keypoints.json
Pass 4_000000000010_keypoints.json
Pass 4_000000000011_keypoints.json
Pass 4_000000000012_keypoints.json
Pass 4_000000000013_keypoints.json
Pass 4_000000000014_keypoints.json
Pass 4_000000000015_keypoints.json
Pass 4_000000000016_keypoints.json
Pass 4_000000000017_keypoints.json
Pass 4_000000000018_keypoints.json
Pass 4_000000000019_keypoints.json
Pass 4_000000000020_keypoints.json
Pass 4_000000000021_keypoints.json
Pass 4_000000000022_keypoints.json
Pass 4_000000000023_keypoints.json
Pass 4_000000000024_keypoints.json
Pass 4_000000000025_keypoints.json
Pass 4_000000000026_keypoints.json
Pass 4_000000000027_keypoints.json
Pass 4_000000000028_keypoints.json
Pass 4_000000000029_keypoints.json
Pass 4_000000000030_keypoints.json
Pass 4_000000000031_keypoints.json
Pass 4_000000000032_keypoints.json
Pass 4_000000000033_keypoints.json
Pass 4_000000000034_keypoints.json
Pass 4_000000000035_keypoints.json
Pass 4_000000000036_keypoints.json
Pass 4_000000000037_keypoints.json
Pass 4_000000000038_keypoints.json
Pass 4_000000000039_keypoints.json
Pass 4_000000000040_keypoints.json
Pass 4_000000000041_keypoints.json
Pass 4_000000000042_keypoints.json
Pass 4_000000000043_keypoints.json
Pass 4_000000000044_keypoints.json
Pass 4_000000000045_keypoints.json
Pass 4_000000000046_keypoints.json
Pass 4_000000000047_keypoints.json
Pass 4_000000000048_keypoints.json
Pass 4_000000000049_keypoints.json
Pass 4_000000000050_keypoints.json
Pass 4_000000000051_keypoints.json
Pass 4_000000000052_keypoints.json
Pass 4_000000000053_keypoints.json
Pass 4_000000000054_keypoints.json
Pass 4_000000000055_keypoints.json
Pass 4_000000000056_keypoints.json
Pass 4_000000000057_keypoints.json
Pass 4_000000000058_keypoints.json
Pass 4_000000000059_keypoints.json
Pass 4_000000000060_keypoints.json
Pass 4_000000000061_keypoints.json
Pass 14_000000000000_keypoints.json
Pass 14_000000000001_keypoints.json
Pass 14_000000000002_keypoints.json
Pass 14_000000000003_keypoints.json
Pass 14_000000000004_keypoints.json
Pass 14_000000000005_keypoints.json
Pass 14_000000000006_keypoints.json
Pass 14_000000000007_keypoints.json
Pass 14_000000000008_keypoints.json
Pass 14_000000000009_keypoints.json
Pass 14_000000000010_keypoints.json
Pass 14_000000000011_keypoints.json
Pass 14_000000000012_keypoints.json
Pass 14_000000000013_keypoints.json
Pass 14_000000000014_keypoints.json
Pass 14_000000000015_keypoints.json
Pass 14_000000000016_keypoints.json
Pass 14_000000000017_keypoints.json
Pass 14_000000000018_keypoints.json
Pass 14_000000000019_keypoints.json
Pass 14_000000000020_keypoints.json
Pass 14_000000000021_keypoints.json
Pass 14_000000000022_keypoints.json
Pass 14_000000000023_keypoints.json
Pass 14_000000000024_keypoints.json
Pass 14_000000000025_keypoints.json
Pass 14_000000000026_keypoints.json
Pass 14_000000000027_keypoints.json
Pass 14_000000000028_keypoints.json
Pass 14_000000000029_keypoints.json
Pass 14_000000000030_keypoints.json
Pass 14_000000000031_keypoints.json
Pass 14_000000000032_keypoints.json
Pass 14_000000000033_keypoints.json
Pass 14_000000000034_keypoints.json
Pass 14_000000000035_keypoints.json
Pass 14_000000000036_keypoints.json
Pass 14_000000000037_keypoints.json
Pass 14_000000000038_keypoints.json
Pass 14_000000000039_keypoints.json
Pass 14_000000000040_keypoints.json
Pass 14_000000000041_keypoints.json
Pass 14_000000000042_keypoints.json
Pass 14_000000000043_keypoints.json
Pass 14_000000000044_keypoints.json
Pass 14_000000000045_keypoints.json
Pass 14_000000000046_keypoints.json
Pass 14_000000000047_keypoints.json
Pass 14_000000000048_keypoints.json
Pass 14_000000000049_keypoints.json
Pass 14_000000000050_keypoints.json
Pass 14_000000000051_keypoints.json
Pass 14_000000000052_keypoints.json
Pass 14_000000000053_keypoints.json
Pass 14_000000000054_keypoints.json
Pass 14_000000000055_keypoints.json
Pass 14_000000000056_keypoints.json
Pass 14_000000000057_keypoints.json
Pass 14_000000000058_keypoints.json
Pass 14_000000000059_keypoints.json
Pass 14_000000000060_keypoints.json
Pass 14_000000000061_keypoints.json
Pass 14_000000000062_keypoints.json
Pass 14_000000000063_keypoints.json
Pass 14_000000000064_keypoints.json
Pass 14_000000000065_keypoints.json
Pass 14_000000000066_keypoints.json
Pass 14_000000000067_keypoints.json
 40%|████      | 2300/5749 [04:11<08:17,  6.93it/s]Pass 4_000000000000_keypoints.json
Pass 4_000000000001_keypoints.json
Pass 4_000000000002_keypoints.json
Pass 4_000000000003_keypoints.json
Pass 4_000000000004_keypoints.json
Pass 4_000000000005_keypoints.json
Pass 4_000000000006_keypoints.json
Pass 4_000000000007_keypoints.json
Pass 4_000000000008_keypoints.json
Pass 4_000000000009_keypoints.json
Pass 4_000000000010_keypoints.json
Pass 4_000000000011_keypoints.json
Pass 4_000000000012_keypoints.json
Pass 4_000000000013_keypoints.json
Pass 4_000000000014_keypoints.json
Pass 4_000000000015_keypoints.json
Pass 4_000000000016_keypoints.json
Pass 4_000000000017_keypoints.json
Pass 4_000000000018_keypoints.json
Pass 4_000000000019_keypoints.json
Pass 4_000000000020_keypoints.json
Pass 4_000000000021_keypoints.json
Pass 4_000000000022_keypoints.json
Pass 4_000000000023_keypoints.json
Pass 4_000000000024_keypoints.json
Pass 4_000000000025_keypoints.json
Pass 4_000000000026_keypoints.json
Pass 4_000000000027_keypoints.json
Pass 4_000000000028_keypoints.json
Pass 4_000000000029_keypoints.json
Pass 4_000000000030_keypoints.json
Pass 4_000000000031_keypoints.json
Pass 4_000000000032_keypoints.json
Pass 4_000000000033_keypoints.json
Pass 4_000000000034_keypoints.json
Pass 4_000000000035_keypoints.json
Pass 4_000000000036_keypoints.json
Pass 4_000000000037_keypoints.json
Pass 4_000000000038_keypoints.json
Pass 4_000000000039_keypoints.json
Pass 4_000000000040_keypoints.json
Pass 4_000000000041_keypoints.json
Pass 4_000000000042_keypoints.json
Pass 4_000000000043_keypoints.json
Pass 4_000000000044_keypoints.json
Pass 4_000000000045_keypoints.json
Pass 4_000000000046_keypoints.json
Pass 4_000000000047_keypoints.json
Pass 4_000000000048_keypoints.json
Pass 4_000000000049_keypoints.json
Pass 4_000000000050_keypoints.json
Pass 4_000000000051_keypoints.json
Pass 4_000000000052_keypoints.json
Pass 4_000000000053_keypoints.json
Pass 4_000000000054_keypoints.json
Pass 4_000000000055_keypoints.json
Pass 4_000000000056_keypoints.json
Pass 4_000000000057_keypoints.json
Pass 4_000000000058_keypoints.json
Pass 4_000000000059_keypoints.json
Pass 4_000000000060_keypoints.json
Pass 4_000000000061_keypoints.json
 40%|████      | 2301/5749 [04:12<08:43,  6.58it/s]Pass 40_000000000000_keypoints.json
Pass 40_000000000001_keypoints.json
Pass 40_000000000002_keypoints.json
Pass 40_000000000003_keypoints.json
Pass 40_000000000004_keypoints.json
Pass 40_000000000005_keypoints.json
Pass 40_000000000006_keypoints.json
Pass 40_000000000007_keypoints.json
Pass 40_000000000008_keypoints.json
Pass 40_000000000009_keypoints.json
Pass 40_000000000010_keypoints.json
Pass 40_000000000011_keypoints.json
Pass 40_000000000012_keypoints.json
Pass 40_000000000013_keypoints.json
Pass 40_000000000014_keypoints.json
Pass 40_000000000015_keypoints.json
Pass 40_000000000016_keypoints.json
Pass 40_000000000017_keypoints.json
Pass 40_000000000018_keypoints.json
Pass 40_000000000019_keypoints.json
Pass 40_000000000020_keypoints.json
Pass 40_000000000021_keypoints.json
Pass 40_000000000022_keypoints.json
Pass 40_000000000023_keypoints.json
Pass 40_000000000024_keypoints.json
Pass 40_000000000025_keypoints.json
Pass 40_000000000026_keypoints.json
Pass 40_000000000027_keypoints.json
Pass 40_000000000028_keypoints.json
Pass 40_000000000029_keypoints.json
Pass 40_000000000030_keypoints.json
Pass 40_000000000031_keypoints.json
Pass 40_000000000032_keypoints.json
Pass 40_000000000033_keypoints.json
Pass 40_000000000034_keypoints.json
Pass 40_000000000035_keypoints.json
Pass 40_000000000036_keypoints.json
Pass 40_000000000037_keypoints.json
Pass 40_000000000038_keypoints.json
Pass 40_000000000039_keypoints.json
Pass 40_000000000040_keypoints.json
Pass 40_000000000041_keypoints.json
Pass 40_000000000042_keypoints.json
Pass 40_000000000043_keypoints.json
Pass 40_000000000044_keypoints.json
Pass 40_000000000045_keypoints.json
Pass 40_000000000046_keypoints.json
Pass 40_000000000047_keypoints.json
Pass 40_000000000048_keypoints.json
Pass 40_000000000049_keypoints.json
Pass 40_000000000050_keypoints.json
Pass 40_000000000051_keypoints.json
Pass 40_000000000052_keypoints.json
Pass 40_000000000053_keypoints.json
Pass 40_000000000054_keypoints.json
Pass 40_000000000055_keypoints.json
Pass 40_000000000056_keypoints.json
Pass 40_000000000057_keypoints.json
Pass 40_000000000058_keypoints.json
Pass 40_000000000059_keypoints.json
Pass 40_000000000060_keypoints.json
Pass 40_000000000061_keypoints.json
 41%|████      | 2332/5749 [04:16<07:51,  7.24it/s]Pass 100_000000000000_keypoints.json
Pass 100_000000000001_keypoints.json
Pass 100_000000000002_keypoints.json
Pass 100_000000000003_keypoints.json
Pass 100_000000000004_keypoints.json
Pass 100_000000000005_keypoints.json
Pass 100_000000000006_keypoints.json
Pass 100_000000000007_keypoints.json
Pass 100_000000000008_keypoints.json
Pass 100_000000000009_keypoints.json
Pass 100_000000000010_keypoints.json
Pass 100_000000000011_keypoints.json
Pass 100_000000000012_keypoints.json
Pass 100_000000000013_keypoints.json
Pass 100_000000000014_keypoints.json
Pass 100_000000000015_keypoints.json
Pass 100_000000000016_keypoints.json
Pass 100_000000000017_keypoints.json
Pass 100_000000000018_keypoints.json
Pass 100_000000000019_keypoints.json
Pass 100_000000000020_keypoints.json
Pass 100_000000000021_keypoints.json
Pass 100_000000000022_keypoints.json
Pass 100_000000000023_keypoints.json
Pass 100_000000000024_keypoints.json
Pass 100_000000000025_keypoints.json
Pass 100_000000000026_keypoints.json
Pass 100_000000000027_keypoints.json
Pass 100_000000000028_keypoints.json
Pass 100_000000000029_keypoints.json
Pass 100_000000000030_keypoints.json
Pass 100_000000000031_keypoints.json
Pass 100_000000000032_keypoints.json
Pass 100_000000000033_keypoints.json
Pass 100_000000000034_keypoints.json
Pass 100_000000000035_keypoints.json
Pass 100_000000000036_keypoints.json
Pass 100_000000000037_keypoints.json
Pass 100_000000000038_keypoints.json
Pass 100_000000000039_keypoints.json
Pass 100_000000000040_keypoints.json
Pass 100_000000000041_keypoints.json
Pass 100_000000000042_keypoints.json
Pass 100_000000000043_keypoints.json
Pass 100_000000000044_keypoints.json
Pass 100_000000000045_keypoints.json
Pass 100_000000000046_keypoints.json
Pass 100_000000000047_keypoints.json
Pass 100_000000000048_keypoints.json
Pass 100_000000000049_keypoints.json
Pass 100_000000000050_keypoints.json
Pass 100_000000000051_keypoints.json
Pass 100_000000000052_keypoints.json
Pass 100_000000000053_keypoints.json
 41%|████      | 2371/5749 [04:22<07:51,  7.16it/s]Error in E:\Project\Ham2Pose\data\hamnosys\keypoints\gsl_470\gsl_470_000000000001_keypoints.json: [Errno 2] No such file or directory: 'E:\\Project\\Ham2Pose\\data\\hamnosys\\keypoints\\gsl_470\\gsl_470_000000000001_keypoints.json'
Error in E:\Project\Ham2Pose\data\hamnosys\keypoints\gsl_470\gsl_470_000000000002_keypoints.json: [Errno 2] No such file or directory: 'E:\\Project\\Ham2Pose\\data\\hamnosys\\keypoints\\gsl_470\\gsl_470_000000000002_keypoints.json'
Error in E:\Project\Ham2Pose\data\hamnosys\keypoints\gsl_470\gsl_470_000000000003_keypoints.json: [Errno 2] No such file or directory: 'E:\\Project\\Ham2Pose\\data\\hamnosys\\keypoints\\gsl_470\\gsl_470_000000000003_keypoints.json'
Error in E:\Project\Ham2Pose\data\hamnosys\keypoints\gsl_470\gsl_470_000000000004_keypoints.json: [Errno 2] No such file or directory: 'E:\\Project\\Ham2Pose\\data\\hamnosys\\keypoints\\gsl_470\\gsl_470_000000000004_keypoints.json'
Error in E:\Project\Ham2Pose\data\hamnosys\keypoints\gsl_470\gsl_470_000000000005_keypoints.json: [Errno 2] No such file or directory: 'E:\\Project\\Ham2Pose\\data\\hamnosys\\keypoints\\gsl_470\\gsl_470_000000000005_keypoints.json'
Error in E:\Project\Ham2Pose\data\hamnosys\keypoints\gsl_470\gsl_470_000000000006_keypoints.json: [Errno 2] No such file or directory: 'E:\\Project\\Ham2Pose\\data\\hamnosys\\keypoints\\gsl_470\\gsl_470_000000000006_keypoints.json'
Error in E:\Project\Ham2Pose\data\hamnosys\keypoints\gsl_470\gsl_470_000000000007_keypoints.json: [Errno 2] No such file or directory: 'E:\\Project\\Ham2Pose\\data\\hamnosys\\keypoints\\gsl_470\\gsl_470_000000000007_keypoints.json'
Error in E:\Project\Ham2Pose\data\hamnosys\keypoints\gsl_470\gsl_470_000000000008_keypoints.json: [Errno 2] No such file or directory: 'E:\\Project\\Ham2Pose\\data\\hamnosys\\keypoints\\gsl_470\\gsl_470_000000000008_keypoints.json'
Error in E:\Project\Ham2Pose\data\hamnosys\keypoints\gsl_470\gsl_470_000000000009_keypoints.json: [Errno 2] No such file or directory: 'E:\\Project\\Ham2Pose\\data\\hamnosys\\keypoints\\gsl_470\\gsl_470_000000000009_keypoints.json'
Error in E:\Project\Ham2Pose\data\hamnosys\keypoints\gsl_470\gsl_470_000000000010_keypoints.json: [Errno 2] No such file or directory: 'E:\\Project\\Ham2Pose\\data\\hamnosys\\keypoints\\gsl_470\\gsl_470_000000000010_keypoints.json'
Error in E:\Project\Ham2Pose\data\hamnosys\keypoints\gsl_470\gsl_470_000000000011_keypoints.json: [Errno 2] No such file or directory: 'E:\\Project\\Ham2Pose\\data\\hamnosys\\keypoints\\gsl_470\\gsl_470_000000000011_keypoints.json'
Error in E:\Project\Ham2Pose\data\hamnosys\keypoints\gsl_470\gsl_470_000000000012_keypoints.json: [Errno 2] No such file or directory: 'E:\\Project\\Ham2Pose\\data\\hamnosys\\keypoints\\gsl_470\\gsl_470_000000000012_keypoints.json'
Error in E:\Project\Ham2Pose\data\hamnosys\keypoints\gsl_470\gsl_470_000000000013_keypoints.json: [Errno 2] No such file or directory: 'E:\\Project\\Ham2Pose\\data\\hamnosys\\keypoints\\gsl_470\\gsl_470_000000000013_keypoints.json'
Error in E:\Project\Ham2Pose\data\hamnosys\keypoints\gsl_470\gsl_470_000000000014_keypoints.json: [Errno 2] No such file or directory: 'E:\\Project\\Ham2Pose\\data\\hamnosys\\keypoints\\gsl_470\\gsl_470_000000000014_keypoints.json'
Error in E:\Project\Ham2Pose\data\hamnosys\keypoints\gsl_470\gsl_470_000000000015_keypoints.json: [Errno 2] No such file or directory: 'E:\\Project\\Ham2Pose\\data\\hamnosys\\keypoints\\gsl_470\\gsl_470_000000000015_keypoints.json'
Error in E:\Project\Ham2Pose\data\hamnosys\keypoints\gsl_470\gsl_470_000000000016_keypoints.json: [Errno 2] No such file or directory: 'E:\\Project\\Ham2Pose\\data\\hamnosys\\keypoints\\gsl_470\\gsl_470_000000000016_keypoints.json'
Error in E:\Project\Ham2Pose\data\hamnosys\keypoints\gsl_470\gsl_470_000000000017_keypoints.json: [Errno 2] No such file or directory: 'E:\\Project\\Ham2Pose\\data\\hamnosys\\keypoints\\gsl_470\\gsl_470_000000000017_keypoints.json'
Error in E:\Project\Ham2Pose\data\hamnosys\keypoints\gsl_470\gsl_470_000000000018_keypoints.json: [Errno 2] No such file or directory: 'E:\\Project\\Ham2Pose\\data\\hamnosys\\keypoints\\gsl_470\\gsl_470_000000000018_keypoints.json'
Error in E:\Project\Ham2Pose\data\hamnosys\keypoints\gsl_470\gsl_470_000000000019_keypoints.json: [Errno 2] No such file or directory: 'E:\\Project\\Ham2Pose\\data\\hamnosys\\keypoints\\gsl_470\\gsl_470_000000000019_keypoints.json'
Error in E:\Project\Ham2Pose\data\hamnosys\keypoints\gsl_470\gsl_470_000000000020_keypoints.json: [Errno 2] No such file or directory: 'E:\\Project\\Ham2Pose\\data\\hamnosys\\keypoints\\gsl_470\\gsl_470_000000000020_keypoints.json'
Error in E:\Project\Ham2Pose\data\hamnosys\keypoints\gsl_470\gsl_470_000000000021_keypoints.json: [Errno 2] No such file or directory: 'E:\\Project\\Ham2Pose\\data\\hamnosys\\keypoints\\gsl_470\\gsl_470_000000000021_keypoints.json'
Error in E:\Project\Ham2Pose\data\hamnosys\keypoints\gsl_470\gsl_470_000000000022_keypoints.json: [Errno 2] No such file or directory: 'E:\\Project\\Ham2Pose\\data\\hamnosys\\keypoints\\gsl_470\\gsl_470_000000000022_keypoints.json'
Error in E:\Project\Ham2Pose\data\hamnosys\keypoints\gsl_470\gsl_470_000000000023_keypoints.json: [Errno 2] No such file or directory: 'E:\\Project\\Ham2Pose\\data\\hamnosys\\keypoints\\gsl_470\\gsl_470_000000000023_keypoints.json'
Error in E:\Project\Ham2Pose\data\hamnosys\keypoints\gsl_470\gsl_470_000000000024_keypoints.json: [Errno 2] No such file or directory: 'E:\\Project\\Ham2Pose\\data\\hamnosys\\keypoints\\gsl_470\\gsl_470_000000000024_keypoints.json'
Error in E:\Project\Ham2Pose\data\hamnosys\keypoints\gsl_470\gsl_470_000000000025_keypoints.json: [Errno 2] No such file or directory: 'E:\\Project\\Ham2Pose\\data\\hamnosys\\keypoints\\gsl_470\\gsl_470_000000000025_keypoints.json'
Error in E:\Project\Ham2Pose\data\hamnosys\keypoints\gsl_470\gsl_470_000000000026_keypoints.json: [Errno 2] No such file or directory: 'E:\\Project\\Ham2Pose\\data\\hamnosys\\keypoints\\gsl_470\\gsl_470_000000000026_keypoints.json'
Error in E:\Project\Ham2Pose\data\hamnosys\keypoints\gsl_470\gsl_470_000000000027_keypoints.json: [Errno 2] No such file or directory: 'E:\\Project\\Ham2Pose\\data\\hamnosys\\keypoints\\gsl_470\\gsl_470_000000000027_keypoints.json'
Error in E:\Project\Ham2Pose\data\hamnosys\keypoints\gsl_470\gsl_470_000000000028_keypoints.json: [Errno 2] No such file or directory: 'E:\\Project\\Ham2Pose\\data\\hamnosys\\keypoints\\gsl_470\\gsl_470_000000000028_keypoints.json'
Error in E:\Project\Ham2Pose\data\hamnosys\keypoints\gsl_470\gsl_470_000000000029_keypoints.json: [Errno 2] No such file or directory: 'E:\\Project\\Ham2Pose\\data\\hamnosys\\keypoints\\gsl_470\\gsl_470_000000000029_keypoints.json'
Error in E:\Project\Ham2Pose\data\hamnosys\keypoints\gsl_470\gsl_470_000000000030_keypoints.json: [Errno 2] No such file or directory: 'E:\\Project\\Ham2Pose\\data\\hamnosys\\keypoints\\gsl_470\\gsl_470_000000000030_keypoints.json'
Error in E:\Project\Ham2Pose\data\hamnosys\keypoints\gsl_470\gsl_470_000000000031_keypoints.json: [Errno 2] No such file or directory: 'E:\\Project\\Ham2Pose\\data\\hamnosys\\keypoints\\gsl_470\\gsl_470_000000000031_keypoints.json'
Error in E:\Project\Ham2Pose\data\hamnosys\keypoints\gsl_470\gsl_470_000000000032_keypoints.json: [Errno 2] No such file or directory: 'E:\\Project\\Ham2Pose\\data\\hamnosys\\keypoints\\gsl_470\\gsl_470_000000000032_keypoints.json'
Error in E:\Project\Ham2Pose\data\hamnosys\keypoints\gsl_470\gsl_470_000000000033_keypoints.json: [Errno 2] No such file or directory: 'E:\\Project\\Ham2Pose\\data\\hamnosys\\keypoints\\gsl_470\\gsl_470_000000000033_keypoints.json'
Error in E:\Project\Ham2Pose\data\hamnosys\keypoints\gsl_470\gsl_470_000000000034_keypoints.json: [Errno 2] No such file or directory: 'E:\\Project\\Ham2Pose\\data\\hamnosys\\keypoints\\gsl_470\\gsl_470_000000000034_keypoints.json'
Error in E:\Project\Ham2Pose\data\hamnosys\keypoints\gsl_470\gsl_470_000000000035_keypoints.json: [Errno 2] No such file or directory: 'E:\\Project\\Ham2Pose\\data\\hamnosys\\keypoints\\gsl_470\\gsl_470_000000000035_keypoints.json'
Error in E:\Project\Ham2Pose\data\hamnosys\keypoints\gsl_470\gsl_470_000000000036_keypoints.json: [Errno 2] No such file or directory: 'E:\\Project\\Ham2Pose\\data\\hamnosys\\keypoints\\gsl_470\\gsl_470_000000000036_keypoints.json'
Error in E:\Project\Ham2Pose\data\hamnosys\keypoints\gsl_470\gsl_470_000000000037_keypoints.json: [Errno 2] No such file or directory: 'E:\\Project\\Ham2Pose\\data\\hamnosys\\keypoints\\gsl_470\\gsl_470_000000000037_keypoints.json'
Error in E:\Project\Ham2Pose\data\hamnosys\keypoints\gsl_470\gsl_470_000000000038_keypoints.json: [Errno 2] No such file or directory: 'E:\\Project\\Ham2Pose\\data\\hamnosys\\keypoints\\gsl_470\\gsl_470_000000000038_keypoints.json'
Error in E:\Project\Ham2Pose\data\hamnosys\keypoints\gsl_470\gsl_470_000000000039_keypoints.json: [Errno 2] No such file or directory: 'E:\\Project\\Ham2Pose\\data\\hamnosys\\keypoints\\gsl_470\\gsl_470_000000000039_keypoints.json'
Error in E:\Project\Ham2Pose\data\hamnosys\keypoints\gsl_470\gsl_470_000000000040_keypoints.json: [Errno 2] No such file or directory: 'E:\\Project\\Ham2Pose\\data\\hamnosys\\keypoints\\gsl_470\\gsl_470_000000000040_keypoints.json'
Error in E:\Project\Ham2Pose\data\hamnosys\keypoints\gsl_470\gsl_470_000000000041_keypoints.json: [Errno 2] No such file or directory: 'E:\\Project\\Ham2Pose\\data\\hamnosys\\keypoints\\gsl_470\\gsl_470_000000000041_keypoints.json'
Error in E:\Project\Ham2Pose\data\hamnosys\keypoints\gsl_470\gsl_470_000000000042_keypoints.json: [Errno 2] No such file or directory: 'E:\\Project\\Ham2Pose\\data\\hamnosys\\keypoints\\gsl_470\\gsl_470_000000000042_keypoints.json'
Error in E:\Project\Ham2Pose\data\hamnosys\keypoints\gsl_470\gsl_470_000000000043_keypoints.json: [Errno 2] No such file or directory: 'E:\\Project\\Ham2Pose\\data\\hamnosys\\keypoints\\gsl_470\\gsl_470_000000000043_keypoints.json'
Error in E:\Project\Ham2Pose\data\hamnosys\keypoints\gsl_470\gsl_470_000000000044_keypoints.json: [Errno 2] No such file or directory: 'E:\\Project\\Ham2Pose\\data\\hamnosys\\keypoints\\gsl_470\\gsl_470_000000000044_keypoints.json'
Error in E:\Project\Ham2Pose\data\hamnosys\keypoints\gsl_470\gsl_470_000000000045_keypoints.json: [Errno 2] No such file or directory: 'E:\\Project\\Ham2Pose\\data\\hamnosys\\keypoints\\gsl_470\\gsl_470_000000000045_keypoints.json'
Error in E:\Project\Ham2Pose\data\hamnosys\keypoints\gsl_470\gsl_470_000000000046_keypoints.json: [Errno 2] No such file or directory: 'E:\\Project\\Ham2Pose\\data\\hamnosys\\keypoints\\gsl_470\\gsl_470_000000000046_keypoints.json'
Error in E:\Project\Ham2Pose\data\hamnosys\keypoints\gsl_470\gsl_470_000000000047_keypoints.json: [Errno 2] No such file or directory: 'E:\\Project\\Ham2Pose\\data\\hamnosys\\keypoints\\gsl_470\\gsl_470_000000000047_keypoints.json'
Error in E:\Project\Ham2Pose\data\hamnosys\keypoints\gsl_470\gsl_470_000000000048_keypoints.json: [Errno 2] No such file or directory: 'E:\\Project\\Ham2Pose\\data\\hamnosys\\keypoints\\gsl_470\\gsl_470_000000000048_keypoints.json'
Error in E:\Project\Ham2Pose\data\hamnosys\keypoints\gsl_470\gsl_470_000000000049_keypoints.json: [Errno 2] No such file or directory: 'E:\\Project\\Ham2Pose\\data\\hamnosys\\keypoints\\gsl_470\\gsl_470_000000000049_keypoints.json'
Error in E:\Project\Ham2Pose\data\hamnosys\keypoints\gsl_470\gsl_470_000000000050_keypoints.json: [Errno 2] No such file or directory: 'E:\\Project\\Ham2Pose\\data\\hamnosys\\keypoints\\gsl_470\\gsl_470_000000000050_keypoints.json'
Error in E:\Project\Ham2Pose\data\hamnosys\keypoints\gsl_470\gsl_470_000000000051_keypoints.json: [Errno 2] No such file or directory: 'E:\\Project\\Ham2Pose\\data\\hamnosys\\keypoints\\gsl_470\\gsl_470_000000000051_keypoints.json'
Error in E:\Project\Ham2Pose\data\hamnosys\keypoints\gsl_470\gsl_470_000000000052_keypoints.json: [Errno 2] No such file or directory: 'E:\\Project\\Ham2Pose\\data\\hamnosys\\keypoints\\gsl_470\\gsl_470_000000000052_keypoints.json'
Error in E:\Project\Ham2Pose\data\hamnosys\keypoints\gsl_470\gsl_470_000000000053_keypoints.json: [Errno 2] No such file or directory: 'E:\\Project\\Ham2Pose\\data\\hamnosys\\keypoints\\gsl_470\\gsl_470_000000000053_keypoints.json'
Error in E:\Project\Ham2Pose\data\hamnosys\keypoints\gsl_470\gsl_470_000000000054_keypoints.json: [Errno 2] No such file or directory: 'E:\\Project\\Ham2Pose\\data\\hamnosys\\keypoints\\gsl_470\\gsl_470_000000000054_keypoints.json'
Error in E:\Project\Ham2Pose\data\hamnosys\keypoints\gsl_470\gsl_470_000000000055_keypoints.json: [Errno 2] No such file or directory: 'E:\\Project\\Ham2Pose\\data\\hamnosys\\keypoints\\gsl_470\\gsl_470_000000000055_keypoints.json'
Error in E:\Project\Ham2Pose\data\hamnosys\keypoints\gsl_470\gsl_470_000000000056_keypoints.json: [Errno 2] No such file or directory: 'E:\\Project\\Ham2Pose\\data\\hamnosys\\keypoints\\gsl_470\\gsl_470_000000000056_keypoints.json'
Error in E:\Project\Ham2Pose\data\hamnosys\keypoints\gsl_470\gsl_470_000000000057_keypoints.json: [Errno 2] No such file or directory: 'E:\\Project\\Ham2Pose\\data\\hamnosys\\keypoints\\gsl_470\\gsl_470_000000000057_keypoints.json'
Error in E:\Project\Ham2Pose\data\hamnosys\keypoints\gsl_470\gsl_470_000000000058_keypoints.json: [Errno 2] No such file or directory: 'E:\\Project\\Ham2Pose\\data\\hamnosys\\keypoints\\gsl_470\\gsl_470_000000000058_keypoints.json'
Error in E:\Project\Ham2Pose\data\hamnosys\keypoints\gsl_470\gsl_470_000000000059_keypoints.json: [Errno 2] No such file or directory: 'E:\\Project\\Ham2Pose\\data\\hamnosys\\keypoints\\gsl_470\\gsl_470_000000000059_keypoints.json'
 42%|████▏     | 2400/5749 [04:26<08:37,  6.47it/s]Pass 5_000000000000_keypoints.json
Pass 5_000000000001_keypoints.json
Pass 5_000000000002_keypoints.json
Pass 5_000000000003_keypoints.json
Pass 5_000000000004_keypoints.json
Pass 5_000000000005_keypoints.json
Pass 5_000000000006_keypoints.json
Pass 5_000000000007_keypoints.json
Pass 5_000000000008_keypoints.json
Pass 5_000000000009_keypoints.json
Pass 5_000000000010_keypoints.json
Pass 5_000000000011_keypoints.json
Pass 5_000000000012_keypoints.json
Pass 5_000000000013_keypoints.json
Pass 5_000000000014_keypoints.json
Pass 5_000000000015_keypoints.json
Pass 5_000000000016_keypoints.json
Pass 5_000000000017_keypoints.json
Pass 5_000000000018_keypoints.json
Pass 5_000000000019_keypoints.json
Pass 5_000000000020_keypoints.json
Pass 5_000000000021_keypoints.json
Pass 5_000000000022_keypoints.json
Pass 5_000000000023_keypoints.json
Pass 5_000000000024_keypoints.json
Pass 5_000000000025_keypoints.json
Pass 5_000000000026_keypoints.json
Pass 5_000000000027_keypoints.json
Pass 5_000000000028_keypoints.json
Pass 5_000000000029_keypoints.json
Pass 5_000000000030_keypoints.json
Pass 5_000000000031_keypoints.json
Pass 5_000000000032_keypoints.json
Pass 5_000000000033_keypoints.json
Pass 5_000000000034_keypoints.json
Pass 5_000000000035_keypoints.json
Pass 5_000000000036_keypoints.json
Pass 5_000000000037_keypoints.json
Pass 5_000000000038_keypoints.json
Pass 5_000000000039_keypoints.json
Pass 5_000000000040_keypoints.json
Pass 5_000000000041_keypoints.json
Pass 5_000000000042_keypoints.json
Pass 5_000000000043_keypoints.json
Pass 5_000000000044_keypoints.json
Pass 5_000000000045_keypoints.json
Pass 5_000000000046_keypoints.json
Pass 5_000000000047_keypoints.json
Pass 5_000000000048_keypoints.json
Pass 5_000000000049_keypoints.json
Pass 5_000000000050_keypoints.json
Pass 5_000000000051_keypoints.json
Pass 5_000000000052_keypoints.json
Pass 5_000000000053_keypoints.json
Pass 5_000000000054_keypoints.json
Pass 5_000000000055_keypoints.json
Pass 5_000000000056_keypoints.json
Pass 5_000000000057_keypoints.json
Pass 5_000000000058_keypoints.json
Pass 5_000000000059_keypoints.json
Pass 5_000000000060_keypoints.json
Pass 5_000000000061_keypoints.json
 42%|████▏     | 2401/5749 [04:27<08:24,  6.64it/s]Pass 50_000000000000_keypoints.json
Pass 50_000000000001_keypoints.json
Pass 50_000000000002_keypoints.json
Pass 50_000000000003_keypoints.json
Pass 50_000000000004_keypoints.json
Pass 50_000000000005_keypoints.json
Pass 50_000000000006_keypoints.json
Pass 50_000000000007_keypoints.json
Pass 50_000000000008_keypoints.json
Pass 50_000000000009_keypoints.json
Pass 50_000000000010_keypoints.json
Pass 50_000000000011_keypoints.json
Pass 50_000000000012_keypoints.json
Pass 50_000000000013_keypoints.json
Pass 50_000000000014_keypoints.json
Pass 50_000000000015_keypoints.json
Pass 50_000000000016_keypoints.json
Pass 50_000000000017_keypoints.json
Pass 50_000000000018_keypoints.json
Pass 50_000000000019_keypoints.json
Pass 50_000000000020_keypoints.json
Pass 50_000000000021_keypoints.json
Pass 50_000000000022_keypoints.json
Pass 50_000000000023_keypoints.json
Pass 50_000000000024_keypoints.json
Pass 50_000000000025_keypoints.json
Pass 50_000000000026_keypoints.json
Pass 50_000000000027_keypoints.json
Pass 50_000000000028_keypoints.json
Pass 50_000000000029_keypoints.json
Pass 50_000000000030_keypoints.json
Pass 50_000000000031_keypoints.json
Pass 50_000000000032_keypoints.json
Pass 50_000000000033_keypoints.json
Pass 50_000000000034_keypoints.json
Pass 50_000000000035_keypoints.json
Pass 50_000000000036_keypoints.json
Pass 50_000000000037_keypoints.json
Pass 50_000000000038_keypoints.json
Pass 50_000000000039_keypoints.json
Pass 50_000000000040_keypoints.json
Pass 50_000000000041_keypoints.json
Pass 50_000000000042_keypoints.json
Pass 50_000000000043_keypoints.json
Pass 50_000000000044_keypoints.json
Pass 50_000000000045_keypoints.json
Pass 50_000000000046_keypoints.json
Pass 50_000000000047_keypoints.json
Pass 50_000000000048_keypoints.json
Pass 50_000000000049_keypoints.json
Pass 50_000000000050_keypoints.json
Pass 50_000000000051_keypoints.json
Pass 50_000000000052_keypoints.json
Pass 50_000000000053_keypoints.json
Pass 50_000000000054_keypoints.json
Pass 50_000000000055_keypoints.json
Pass 50_000000000056_keypoints.json
Pass 50_000000000057_keypoints.json
Pass 50_000000000058_keypoints.json
Pass 50_000000000059_keypoints.json
Pass 50_000000000060_keypoints.json
Pass 50_000000000061_keypoints.json
 43%|████▎     | 2444/5749 [04:33<09:57,  5.53it/s]Error in E:\Project\Ham2Pose\data\hamnosys\keypoints\gsl_546\gsl_546_000000000000_keypoints.json: [Errno 2] No such file or directory: 'E:\\Project\\Ham2Pose\\data\\hamnosys\\keypoints\\gsl_546\\gsl_546_000000000000_keypoints.json'
Error in E:\Project\Ham2Pose\data\hamnosys\keypoints\gsl_546\gsl_546_000000000001_keypoints.json: [Errno 2] No such file or directory: 'E:\\Project\\Ham2Pose\\data\\hamnosys\\keypoints\\gsl_546\\gsl_546_000000000001_keypoints.json'
Error in E:\Project\Ham2Pose\data\hamnosys\keypoints\gsl_546\gsl_546_000000000002_keypoints.json: [Errno 2] No such file or directory: 'E:\\Project\\Ham2Pose\\data\\hamnosys\\keypoints\\gsl_546\\gsl_546_000000000002_keypoints.json'
Error in E:\Project\Ham2Pose\data\hamnosys\keypoints\gsl_546\gsl_546_000000000003_keypoints.json: [Errno 2] No such file or directory: 'E:\\Project\\Ham2Pose\\data\\hamnosys\\keypoints\\gsl_546\\gsl_546_000000000003_keypoints.json'
Error in E:\Project\Ham2Pose\data\hamnosys\keypoints\gsl_546\gsl_546_000000000004_keypoints.json: [Errno 2] No such file or directory: 'E:\\Project\\Ham2Pose\\data\\hamnosys\\keypoints\\gsl_546\\gsl_546_000000000004_keypoints.json'
Error in E:\Project\Ham2Pose\data\hamnosys\keypoints\gsl_546\gsl_546_000000000005_keypoints.json: [Errno 2] No such file or directory: 'E:\\Project\\Ham2Pose\\data\\hamnosys\\keypoints\\gsl_546\\gsl_546_000000000005_keypoints.json'
Error in E:\Project\Ham2Pose\data\hamnosys\keypoints\gsl_546\gsl_546_000000000006_keypoints.json: [Errno 2] No such file or directory: 'E:\\Project\\Ham2Pose\\data\\hamnosys\\keypoints\\gsl_546\\gsl_546_000000000006_keypoints.json'
Error in E:\Project\Ham2Pose\data\hamnosys\keypoints\gsl_546\gsl_546_000000000007_keypoints.json: [Errno 2] No such file or directory: 'E:\\Project\\Ham2Pose\\data\\hamnosys\\keypoints\\gsl_546\\gsl_546_000000000007_keypoints.json'
Error in E:\Project\Ham2Pose\data\hamnosys\keypoints\gsl_546\gsl_546_000000000008_keypoints.json: [Errno 2] No such file or directory: 'E:\\Project\\Ham2Pose\\data\\hamnosys\\keypoints\\gsl_546\\gsl_546_000000000008_keypoints.json'
Error in E:\Project\Ham2Pose\data\hamnosys\keypoints\gsl_546\gsl_546_000000000009_keypoints.json: [Errno 2] No such file or directory: 'E:\\Project\\Ham2Pose\\data\\hamnosys\\keypoints\\gsl_546\\gsl_546_000000000009_keypoints.json'
Error in E:\Project\Ham2Pose\data\hamnosys\keypoints\gsl_546\gsl_546_000000000010_keypoints.json: [Errno 2] No such file or directory: 'E:\\Project\\Ham2Pose\\data\\hamnosys\\keypoints\\gsl_546\\gsl_546_000000000010_keypoints.json'
Error in E:\Project\Ham2Pose\data\hamnosys\keypoints\gsl_546\gsl_546_000000000011_keypoints.json: [Errno 2] No such file or directory: 'E:\\Project\\Ham2Pose\\data\\hamnosys\\keypoints\\gsl_546\\gsl_546_000000000011_keypoints.json'
Error in E:\Project\Ham2Pose\data\hamnosys\keypoints\gsl_546\gsl_546_000000000012_keypoints.json: [Errno 2] No such file or directory: 'E:\\Project\\Ham2Pose\\data\\hamnosys\\keypoints\\gsl_546\\gsl_546_000000000012_keypoints.json'
Error in E:\Project\Ham2Pose\data\hamnosys\keypoints\gsl_546\gsl_546_000000000013_keypoints.json: [Errno 2] No such file or directory: 'E:\\Project\\Ham2Pose\\data\\hamnosys\\keypoints\\gsl_546\\gsl_546_000000000013_keypoints.json'
Error in E:\Project\Ham2Pose\data\hamnosys\keypoints\gsl_546\gsl_546_000000000014_keypoints.json: [Errno 2] No such file or directory: 'E:\\Project\\Ham2Pose\\data\\hamnosys\\keypoints\\gsl_546\\gsl_546_000000000014_keypoints.json'
Error in E:\Project\Ham2Pose\data\hamnosys\keypoints\gsl_546\gsl_546_000000000015_keypoints.json: [Errno 2] No such file or directory: 'E:\\Project\\Ham2Pose\\data\\hamnosys\\keypoints\\gsl_546\\gsl_546_000000000015_keypoints.json'
Error in E:\Project\Ham2Pose\data\hamnosys\keypoints\gsl_546\gsl_546_000000000016_keypoints.json: [Errno 2] No such file or directory: 'E:\\Project\\Ham2Pose\\data\\hamnosys\\keypoints\\gsl_546\\gsl_546_000000000016_keypoints.json'
Error in E:\Project\Ham2Pose\data\hamnosys\keypoints\gsl_546\gsl_546_000000000017_keypoints.json: [Errno 2] No such file or directory: 'E:\\Project\\Ham2Pose\\data\\hamnosys\\keypoints\\gsl_546\\gsl_546_000000000017_keypoints.json'
Error in E:\Project\Ham2Pose\data\hamnosys\keypoints\gsl_546\gsl_546_000000000018_keypoints.json: [Errno 2] No such file or directory: 'E:\\Project\\Ham2Pose\\data\\hamnosys\\keypoints\\gsl_546\\gsl_546_000000000018_keypoints.json'
Error in E:\Project\Ham2Pose\data\hamnosys\keypoints\gsl_546\gsl_546_000000000019_keypoints.json: [Errno 2] No such file or directory: 'E:\\Project\\Ham2Pose\\data\\hamnosys\\keypoints\\gsl_546\\gsl_546_000000000019_keypoints.json'
Error in E:\Project\Ham2Pose\data\hamnosys\keypoints\gsl_546\gsl_546_000000000020_keypoints.json: [Errno 2] No such file or directory: 'E:\\Project\\Ham2Pose\\data\\hamnosys\\keypoints\\gsl_546\\gsl_546_000000000020_keypoints.json'
Error in E:\Project\Ham2Pose\data\hamnosys\keypoints\gsl_546\gsl_546_000000000021_keypoints.json: [Errno 2] No such file or directory: 'E:\\Project\\Ham2Pose\\data\\hamnosys\\keypoints\\gsl_546\\gsl_546_000000000021_keypoints.json'
Error in E:\Project\Ham2Pose\data\hamnosys\keypoints\gsl_546\gsl_546_000000000022_keypoints.json: [Errno 2] No such file or directory: 'E:\\Project\\Ham2Pose\\data\\hamnosys\\keypoints\\gsl_546\\gsl_546_000000000022_keypoints.json'
Error in E:\Project\Ham2Pose\data\hamnosys\keypoints\gsl_546\gsl_546_000000000023_keypoints.json: [Errno 2] No such file or directory: 'E:\\Project\\Ham2Pose\\data\\hamnosys\\keypoints\\gsl_546\\gsl_546_000000000023_keypoints.json'
Error in E:\Project\Ham2Pose\data\hamnosys\keypoints\gsl_546\gsl_546_000000000024_keypoints.json: [Errno 2] No such file or directory: 'E:\\Project\\Ham2Pose\\data\\hamnosys\\keypoints\\gsl_546\\gsl_546_000000000024_keypoints.json'
Error in E:\Project\Ham2Pose\data\hamnosys\keypoints\gsl_546\gsl_546_000000000025_keypoints.json: [Errno 2] No such file or directory: 'E:\\Project\\Ham2Pose\\data\\hamnosys\\keypoints\\gsl_546\\gsl_546_000000000025_keypoints.json'
Error in E:\Project\Ham2Pose\data\hamnosys\keypoints\gsl_546\gsl_546_000000000026_keypoints.json: [Errno 2] No such file or directory: 'E:\\Project\\Ham2Pose\\data\\hamnosys\\keypoints\\gsl_546\\gsl_546_000000000026_keypoints.json'
Error in E:\Project\Ham2Pose\data\hamnosys\keypoints\gsl_546\gsl_546_000000000027_keypoints.json: [Errno 2] No such file or directory: 'E:\\Project\\Ham2Pose\\data\\hamnosys\\keypoints\\gsl_546\\gsl_546_000000000027_keypoints.json'
Error in E:\Project\Ham2Pose\data\hamnosys\keypoints\gsl_546\gsl_546_000000000028_keypoints.json: [Errno 2] No such file or directory: 'E:\\Project\\Ham2Pose\\data\\hamnosys\\keypoints\\gsl_546\\gsl_546_000000000028_keypoints.json'
Error in E:\Project\Ham2Pose\data\hamnosys\keypoints\gsl_546\gsl_546_000000000029_keypoints.json: [Errno 2] No such file or directory: 'E:\\Project\\Ham2Pose\\data\\hamnosys\\keypoints\\gsl_546\\gsl_546_000000000029_keypoints.json'
Error in E:\Project\Ham2Pose\data\hamnosys\keypoints\gsl_546\gsl_546_000000000030_keypoints.json: [Errno 2] No such file or directory: 'E:\\Project\\Ham2Pose\\data\\hamnosys\\keypoints\\gsl_546\\gsl_546_000000000030_keypoints.json'
Error in E:\Project\Ham2Pose\data\hamnosys\keypoints\gsl_546\gsl_546_000000000031_keypoints.json: [Errno 2] No such file or directory: 'E:\\Project\\Ham2Pose\\data\\hamnosys\\keypoints\\gsl_546\\gsl_546_000000000031_keypoints.json'
Error in E:\Project\Ham2Pose\data\hamnosys\keypoints\gsl_546\gsl_546_000000000032_keypoints.json: [Errno 2] No such file or directory: 'E:\\Project\\Ham2Pose\\data\\hamnosys\\keypoints\\gsl_546\\gsl_546_000000000032_keypoints.json'
Error in E:\Project\Ham2Pose\data\hamnosys\keypoints\gsl_546\gsl_546_000000000033_keypoints.json: [Errno 2] No such file or directory: 'E:\\Project\\Ham2Pose\\data\\hamnosys\\keypoints\\gsl_546\\gsl_546_000000000033_keypoints.json'
Error in E:\Project\Ham2Pose\data\hamnosys\keypoints\gsl_546\gsl_546_000000000034_keypoints.json: [Errno 2] No such file or directory: 'E:\\Project\\Ham2Pose\\data\\hamnosys\\keypoints\\gsl_546\\gsl_546_000000000034_keypoints.json'
Error in E:\Project\Ham2Pose\data\hamnosys\keypoints\gsl_546\gsl_546_000000000035_keypoints.json: [Errno 2] No such file or directory: 'E:\\Project\\Ham2Pose\\data\\hamnosys\\keypoints\\gsl_546\\gsl_546_000000000035_keypoints.json'
Error in E:\Project\Ham2Pose\data\hamnosys\keypoints\gsl_546\gsl_546_000000000036_keypoints.json: [Errno 2] No such file or directory: 'E:\\Project\\Ham2Pose\\data\\hamnosys\\keypoints\\gsl_546\\gsl_546_000000000036_keypoints.json'
Error in E:\Project\Ham2Pose\data\hamnosys\keypoints\gsl_546\gsl_546_000000000037_keypoints.json: [Errno 2] No such file or directory: 'E:\\Project\\Ham2Pose\\data\\hamnosys\\keypoints\\gsl_546\\gsl_546_000000000037_keypoints.json'
Error in E:\Project\Ham2Pose\data\hamnosys\keypoints\gsl_546\gsl_546_000000000038_keypoints.json: [Errno 2] No such file or directory: 'E:\\Project\\Ham2Pose\\data\\hamnosys\\keypoints\\gsl_546\\gsl_546_000000000038_keypoints.json'
Error in E:\Project\Ham2Pose\data\hamnosys\keypoints\gsl_546\gsl_546_000000000039_keypoints.json: [Errno 2] No such file or directory: 'E:\\Project\\Ham2Pose\\data\\hamnosys\\keypoints\\gsl_546\\gsl_546_000000000039_keypoints.json'
Error in E:\Project\Ham2Pose\data\hamnosys\keypoints\gsl_546\gsl_546_000000000040_keypoints.json: [Errno 2] No such file or directory: 'E:\\Project\\Ham2Pose\\data\\hamnosys\\keypoints\\gsl_546\\gsl_546_000000000040_keypoints.json'
Error in E:\Project\Ham2Pose\data\hamnosys\keypoints\gsl_546\gsl_546_000000000041_keypoints.json: [Errno 2] No such file or directory: 'E:\\Project\\Ham2Pose\\data\\hamnosys\\keypoints\\gsl_546\\gsl_546_000000000041_keypoints.json'
Error in E:\Project\Ham2Pose\data\hamnosys\keypoints\gsl_546\gsl_546_000000000042_keypoints.json: [Errno 2] No such file or directory: 'E:\\Project\\Ham2Pose\\data\\hamnosys\\keypoints\\gsl_546\\gsl_546_000000000042_keypoints.json'
Error in E:\Project\Ham2Pose\data\hamnosys\keypoints\gsl_546\gsl_546_000000000043_keypoints.json: [Errno 2] No such file or directory: 'E:\\Project\\Ham2Pose\\data\\hamnosys\\keypoints\\gsl_546\\gsl_546_000000000043_keypoints.json'
Error in E:\Project\Ham2Pose\data\hamnosys\keypoints\gsl_546\gsl_546_000000000044_keypoints.json: [Errno 2] No such file or directory: 'E:\\Project\\Ham2Pose\\data\\hamnosys\\keypoints\\gsl_546\\gsl_546_000000000044_keypoints.json'
Error in E:\Project\Ham2Pose\data\hamnosys\keypoints\gsl_546\gsl_546_000000000045_keypoints.json: [Errno 2] No such file or directory: 'E:\\Project\\Ham2Pose\\data\\hamnosys\\keypoints\\gsl_546\\gsl_546_000000000045_keypoints.json'
Error in E:\Project\Ham2Pose\data\hamnosys\keypoints\gsl_546\gsl_546_000000000046_keypoints.json: [Errno 2] No such file or directory: 'E:\\Project\\Ham2Pose\\data\\hamnosys\\keypoints\\gsl_546\\gsl_546_000000000046_keypoints.json'
Error in E:\Project\Ham2Pose\data\hamnosys\keypoints\gsl_546\gsl_546_000000000047_keypoints.json: [Errno 2] No such file or directory: 'E:\\Project\\Ham2Pose\\data\\hamnosys\\keypoints\\gsl_546\\gsl_546_000000000047_keypoints.json'
Error in E:\Project\Ham2Pose\data\hamnosys\keypoints\gsl_546\gsl_546_000000000048_keypoints.json: [Errno 2] No such file or directory: 'E:\\Project\\Ham2Pose\\data\\hamnosys\\keypoints\\gsl_546\\gsl_546_000000000048_keypoints.json'
Error in E:\Project\Ham2Pose\data\hamnosys\keypoints\gsl_546\gsl_546_000000000049_keypoints.json: [Errno 2] No such file or directory: 'E:\\Project\\Ham2Pose\\data\\hamnosys\\keypoints\\gsl_546\\gsl_546_000000000049_keypoints.json'
Error in E:\Project\Ham2Pose\data\hamnosys\keypoints\gsl_546\gsl_546_000000000050_keypoints.json: [Errno 2] No such file or directory: 'E:\\Project\\Ham2Pose\\data\\hamnosys\\keypoints\\gsl_546\\gsl_546_000000000050_keypoints.json'
Error in E:\Project\Ham2Pose\data\hamnosys\keypoints\gsl_546\gsl_546_000000000051_keypoints.json: [Errno 2] No such file or directory: 'E:\\Project\\Ham2Pose\\data\\hamnosys\\keypoints\\gsl_546\\gsl_546_000000000051_keypoints.json'
Error in E:\Project\Ham2Pose\data\hamnosys\keypoints\gsl_546\gsl_546_000000000052_keypoints.json: [Errno 2] No such file or directory: 'E:\\Project\\Ham2Pose\\data\\hamnosys\\keypoints\\gsl_546\\gsl_546_000000000052_keypoints.json'
Error in E:\Project\Ham2Pose\data\hamnosys\keypoints\gsl_546\gsl_546_000000000053_keypoints.json: [Errno 2] No such file or directory: 'E:\\Project\\Ham2Pose\\data\\hamnosys\\keypoints\\gsl_546\\gsl_546_000000000053_keypoints.json'
Error in E:\Project\Ham2Pose\data\hamnosys\keypoints\gsl_546\gsl_546_000000000054_keypoints.json: [Errno 2] No such file or directory: 'E:\\Project\\Ham2Pose\\data\\hamnosys\\keypoints\\gsl_546\\gsl_546_000000000054_keypoints.json'
Error in E:\Project\Ham2Pose\data\hamnosys\keypoints\gsl_546\gsl_546_000000000055_keypoints.json: [Errno 2] No such file or directory: 'E:\\Project\\Ham2Pose\\data\\hamnosys\\keypoints\\gsl_546\\gsl_546_000000000055_keypoints.json'
Error in E:\Project\Ham2Pose\data\hamnosys\keypoints\gsl_546\gsl_546_000000000056_keypoints.json: [Errno 2] No such file or directory: 'E:\\Project\\Ham2Pose\\data\\hamnosys\\keypoints\\gsl_546\\gsl_546_000000000056_keypoints.json'
Error in E:\Project\Ham2Pose\data\hamnosys\keypoints\gsl_546\gsl_546_000000000057_keypoints.json: [Errno 2] No such file or directory: 'E:\\Project\\Ham2Pose\\data\\hamnosys\\keypoints\\gsl_546\\gsl_546_000000000057_keypoints.json'
Error in E:\Project\Ham2Pose\data\hamnosys\keypoints\gsl_546\gsl_546_000000000058_keypoints.json: [Errno 2] No such file or directory: 'E:\\Project\\Ham2Pose\\data\\hamnosys\\keypoints\\gsl_546\\gsl_546_000000000058_keypoints.json'
Error in E:\Project\Ham2Pose\data\hamnosys\keypoints\gsl_546\gsl_546_000000000059_keypoints.json: [Errno 2] No such file or directory: 'E:\\Project\\Ham2Pose\\data\\hamnosys\\keypoints\\gsl_546\\gsl_546_000000000059_keypoints.json'
Error in E:\Project\Ham2Pose\data\hamnosys\keypoints\gsl_546\gsl_546_000000000060_keypoints.json: [Errno 2] No such file or directory: 'E:\\Project\\Ham2Pose\\data\\hamnosys\\keypoints\\gsl_546\\gsl_546_000000000060_keypoints.json'
Error in E:\Project\Ham2Pose\data\hamnosys\keypoints\gsl_546\gsl_546_000000000061_keypoints.json: [Errno 2] No such file or directory: 'E:\\Project\\Ham2Pose\\data\\hamnosys\\keypoints\\gsl_546\\gsl_546_000000000061_keypoints.json'
Error in E:\Project\Ham2Pose\data\hamnosys\keypoints\gsl_546\gsl_546_000000000062_keypoints.json: [Errno 2] No such file or directory: 'E:\\Project\\Ham2Pose\\data\\hamnosys\\keypoints\\gsl_546\\gsl_546_000000000062_keypoints.json'
Error in E:\Project\Ham2Pose\data\hamnosys\keypoints\gsl_546\gsl_546_000000000063_keypoints.json: [Errno 2] No such file or directory: 'E:\\Project\\Ham2Pose\\data\\hamnosys\\keypoints\\gsl_546\\gsl_546_000000000063_keypoints.json'
Error in E:\Project\Ham2Pose\data\hamnosys\keypoints\gsl_546\gsl_546_000000000064_keypoints.json: [Errno 2] No such file or directory: 'E:\\Project\\Ham2Pose\\data\\hamnosys\\keypoints\\gsl_546\\gsl_546_000000000064_keypoints.json'
 43%|████▎     | 2460/5749 [04:36<07:20,  7.46it/s]Error in E:\Project\Ham2Pose\data\hamnosys\keypoints\gsl_562\gsl_562_000000000000_keypoints.json: [Errno 2] No such file or directory: 'E:\\Project\\Ham2Pose\\data\\hamnosys\\keypoints\\gsl_562\\gsl_562_000000000000_keypoints.json'
Error in E:\Project\Ham2Pose\data\hamnosys\keypoints\gsl_562\gsl_562_000000000001_keypoints.json: [Errno 2] No such file or directory: 'E:\\Project\\Ham2Pose\\data\\hamnosys\\keypoints\\gsl_562\\gsl_562_000000000001_keypoints.json'
Error in E:\Project\Ham2Pose\data\hamnosys\keypoints\gsl_562\gsl_562_000000000002_keypoints.json: [Errno 2] No such file or directory: 'E:\\Project\\Ham2Pose\\data\\hamnosys\\keypoints\\gsl_562\\gsl_562_000000000002_keypoints.json'
Error in E:\Project\Ham2Pose\data\hamnosys\keypoints\gsl_562\gsl_562_000000000003_keypoints.json: [Errno 2] No such file or directory: 'E:\\Project\\Ham2Pose\\data\\hamnosys\\keypoints\\gsl_562\\gsl_562_000000000003_keypoints.json'
Error in E:\Project\Ham2Pose\data\hamnosys\keypoints\gsl_562\gsl_562_000000000004_keypoints.json: [Errno 2] No such file or directory: 'E:\\Project\\Ham2Pose\\data\\hamnosys\\keypoints\\gsl_562\\gsl_562_000000000004_keypoints.json'
Error in E:\Project\Ham2Pose\data\hamnosys\keypoints\gsl_562\gsl_562_000000000005_keypoints.json: [Errno 2] No such file or directory: 'E:\\Project\\Ham2Pose\\data\\hamnosys\\keypoints\\gsl_562\\gsl_562_000000000005_keypoints.json'
Error in E:\Project\Ham2Pose\data\hamnosys\keypoints\gsl_562\gsl_562_000000000006_keypoints.json: [Errno 2] No such file or directory: 'E:\\Project\\Ham2Pose\\data\\hamnosys\\keypoints\\gsl_562\\gsl_562_000000000006_keypoints.json'
Error in E:\Project\Ham2Pose\data\hamnosys\keypoints\gsl_562\gsl_562_000000000007_keypoints.json: [Errno 2] No such file or directory: 'E:\\Project\\Ham2Pose\\data\\hamnosys\\keypoints\\gsl_562\\gsl_562_000000000007_keypoints.json'
Error in E:\Project\Ham2Pose\data\hamnosys\keypoints\gsl_562\gsl_562_000000000008_keypoints.json: [Errno 2] No such file or directory: 'E:\\Project\\Ham2Pose\\data\\hamnosys\\keypoints\\gsl_562\\gsl_562_000000000008_keypoints.json'
Error in E:\Project\Ham2Pose\data\hamnosys\keypoints\gsl_562\gsl_562_000000000009_keypoints.json: [Errno 2] No such file or directory: 'E:\\Project\\Ham2Pose\\data\\hamnosys\\keypoints\\gsl_562\\gsl_562_000000000009_keypoints.json'
Error in E:\Project\Ham2Pose\data\hamnosys\keypoints\gsl_562\gsl_562_000000000010_keypoints.json: [Errno 2] No such file or directory: 'E:\\Project\\Ham2Pose\\data\\hamnosys\\keypoints\\gsl_562\\gsl_562_000000000010_keypoints.json'
Error in E:\Project\Ham2Pose\data\hamnosys\keypoints\gsl_562\gsl_562_000000000011_keypoints.json: [Errno 2] No such file or directory: 'E:\\Project\\Ham2Pose\\data\\hamnosys\\keypoints\\gsl_562\\gsl_562_000000000011_keypoints.json'
Error in E:\Project\Ham2Pose\data\hamnosys\keypoints\gsl_562\gsl_562_000000000012_keypoints.json: [Errno 2] No such file or directory: 'E:\\Project\\Ham2Pose\\data\\hamnosys\\keypoints\\gsl_562\\gsl_562_000000000012_keypoints.json'
Error in E:\Project\Ham2Pose\data\hamnosys\keypoints\gsl_562\gsl_562_000000000013_keypoints.json: [Errno 2] No such file or directory: 'E:\\Project\\Ham2Pose\\data\\hamnosys\\keypoints\\gsl_562\\gsl_562_000000000013_keypoints.json'
Error in E:\Project\Ham2Pose\data\hamnosys\keypoints\gsl_562\gsl_562_000000000014_keypoints.json: [Errno 2] No such file or directory: 'E:\\Project\\Ham2Pose\\data\\hamnosys\\keypoints\\gsl_562\\gsl_562_000000000014_keypoints.json'
Error in E:\Project\Ham2Pose\data\hamnosys\keypoints\gsl_562\gsl_562_000000000015_keypoints.json: [Errno 2] No such file or directory: 'E:\\Project\\Ham2Pose\\data\\hamnosys\\keypoints\\gsl_562\\gsl_562_000000000015_keypoints.json'
Error in E:\Project\Ham2Pose\data\hamnosys\keypoints\gsl_562\gsl_562_000000000016_keypoints.json: [Errno 2] No such file or directory: 'E:\\Project\\Ham2Pose\\data\\hamnosys\\keypoints\\gsl_562\\gsl_562_000000000016_keypoints.json'
Error in E:\Project\Ham2Pose\data\hamnosys\keypoints\gsl_562\gsl_562_000000000017_keypoints.json: [Errno 2] No such file or directory: 'E:\\Project\\Ham2Pose\\data\\hamnosys\\keypoints\\gsl_562\\gsl_562_000000000017_keypoints.json'
Error in E:\Project\Ham2Pose\data\hamnosys\keypoints\gsl_562\gsl_562_000000000018_keypoints.json: [Errno 2] No such file or directory: 'E:\\Project\\Ham2Pose\\data\\hamnosys\\keypoints\\gsl_562\\gsl_562_000000000018_keypoints.json'
Error in E:\Project\Ham2Pose\data\hamnosys\keypoints\gsl_562\gsl_562_000000000019_keypoints.json: [Errno 2] No such file or directory: 'E:\\Project\\Ham2Pose\\data\\hamnosys\\keypoints\\gsl_562\\gsl_562_000000000019_keypoints.json'
Error in E:\Project\Ham2Pose\data\hamnosys\keypoints\gsl_562\gsl_562_000000000020_keypoints.json: [Errno 2] No such file or directory: 'E:\\Project\\Ham2Pose\\data\\hamnosys\\keypoints\\gsl_562\\gsl_562_000000000020_keypoints.json'
Error in E:\Project\Ham2Pose\data\hamnosys\keypoints\gsl_562\gsl_562_000000000021_keypoints.json: [Errno 2] No such file or directory: 'E:\\Project\\Ham2Pose\\data\\hamnosys\\keypoints\\gsl_562\\gsl_562_000000000021_keypoints.json'
Error in E:\Project\Ham2Pose\data\hamnosys\keypoints\gsl_562\gsl_562_000000000022_keypoints.json: [Errno 2] No such file or directory: 'E:\\Project\\Ham2Pose\\data\\hamnosys\\keypoints\\gsl_562\\gsl_562_000000000022_keypoints.json'
Error in E:\Project\Ham2Pose\data\hamnosys\keypoints\gsl_562\gsl_562_000000000023_keypoints.json: [Errno 2] No such file or directory: 'E:\\Project\\Ham2Pose\\data\\hamnosys\\keypoints\\gsl_562\\gsl_562_000000000023_keypoints.json'
Error in E:\Project\Ham2Pose\data\hamnosys\keypoints\gsl_562\gsl_562_000000000024_keypoints.json: [Errno 2] No such file or directory: 'E:\\Project\\Ham2Pose\\data\\hamnosys\\keypoints\\gsl_562\\gsl_562_000000000024_keypoints.json'
Error in E:\Project\Ham2Pose\data\hamnosys\keypoints\gsl_562\gsl_562_000000000025_keypoints.json: [Errno 2] No such file or directory: 'E:\\Project\\Ham2Pose\\data\\hamnosys\\keypoints\\gsl_562\\gsl_562_000000000025_keypoints.json'
Error in E:\Project\Ham2Pose\data\hamnosys\keypoints\gsl_562\gsl_562_000000000026_keypoints.json: [Errno 2] No such file or directory: 'E:\\Project\\Ham2Pose\\data\\hamnosys\\keypoints\\gsl_562\\gsl_562_000000000026_keypoints.json'
Error in E:\Project\Ham2Pose\data\hamnosys\keypoints\gsl_562\gsl_562_000000000027_keypoints.json: [Errno 2] No such file or directory: 'E:\\Project\\Ham2Pose\\data\\hamnosys\\keypoints\\gsl_562\\gsl_562_000000000027_keypoints.json'
Error in E:\Project\Ham2Pose\data\hamnosys\keypoints\gsl_562\gsl_562_000000000028_keypoints.json: [Errno 2] No such file or directory: 'E:\\Project\\Ham2Pose\\data\\hamnosys\\keypoints\\gsl_562\\gsl_562_000000000028_keypoints.json'
Error in E:\Project\Ham2Pose\data\hamnosys\keypoints\gsl_562\gsl_562_000000000029_keypoints.json: [Errno 2] No such file or directory: 'E:\\Project\\Ham2Pose\\data\\hamnosys\\keypoints\\gsl_562\\gsl_562_000000000029_keypoints.json'
Error in E:\Project\Ham2Pose\data\hamnosys\keypoints\gsl_562\gsl_562_000000000030_keypoints.json: [Errno 2] No such file or directory: 'E:\\Project\\Ham2Pose\\data\\hamnosys\\keypoints\\gsl_562\\gsl_562_000000000030_keypoints.json'
Error in E:\Project\Ham2Pose\data\hamnosys\keypoints\gsl_562\gsl_562_000000000031_keypoints.json: [Errno 2] No such file or directory: 'E:\\Project\\Ham2Pose\\data\\hamnosys\\keypoints\\gsl_562\\gsl_562_000000000031_keypoints.json'
Error in E:\Project\Ham2Pose\data\hamnosys\keypoints\gsl_562\gsl_562_000000000032_keypoints.json: [Errno 2] No such file or directory: 'E:\\Project\\Ham2Pose\\data\\hamnosys\\keypoints\\gsl_562\\gsl_562_000000000032_keypoints.json'
Error in E:\Project\Ham2Pose\data\hamnosys\keypoints\gsl_562\gsl_562_000000000033_keypoints.json: [Errno 2] No such file or directory: 'E:\\Project\\Ham2Pose\\data\\hamnosys\\keypoints\\gsl_562\\gsl_562_000000000033_keypoints.json'
Error in E:\Project\Ham2Pose\data\hamnosys\keypoints\gsl_562\gsl_562_000000000034_keypoints.json: [Errno 2] No such file or directory: 'E:\\Project\\Ham2Pose\\data\\hamnosys\\keypoints\\gsl_562\\gsl_562_000000000034_keypoints.json'
Error in E:\Project\Ham2Pose\data\hamnosys\keypoints\gsl_562\gsl_562_000000000035_keypoints.json: [Errno 2] No such file or directory: 'E:\\Project\\Ham2Pose\\data\\hamnosys\\keypoints\\gsl_562\\gsl_562_000000000035_keypoints.json'
Error in E:\Project\Ham2Pose\data\hamnosys\keypoints\gsl_562\gsl_562_000000000036_keypoints.json: [Errno 2] No such file or directory: 'E:\\Project\\Ham2Pose\\data\\hamnosys\\keypoints\\gsl_562\\gsl_562_000000000036_keypoints.json'
Error in E:\Project\Ham2Pose\data\hamnosys\keypoints\gsl_562\gsl_562_000000000037_keypoints.json: [Errno 2] No such file or directory: 'E:\\Project\\Ham2Pose\\data\\hamnosys\\keypoints\\gsl_562\\gsl_562_000000000037_keypoints.json'
Error in E:\Project\Ham2Pose\data\hamnosys\keypoints\gsl_562\gsl_562_000000000038_keypoints.json: [Errno 2] No such file or directory: 'E:\\Project\\Ham2Pose\\data\\hamnosys\\keypoints\\gsl_562\\gsl_562_000000000038_keypoints.json'
Error in E:\Project\Ham2Pose\data\hamnosys\keypoints\gsl_562\gsl_562_000000000039_keypoints.json: [Errno 2] No such file or directory: 'E:\\Project\\Ham2Pose\\data\\hamnosys\\keypoints\\gsl_562\\gsl_562_000000000039_keypoints.json'
Error in E:\Project\Ham2Pose\data\hamnosys\keypoints\gsl_562\gsl_562_000000000040_keypoints.json: [Errno 2] No such file or directory: 'E:\\Project\\Ham2Pose\\data\\hamnosys\\keypoints\\gsl_562\\gsl_562_000000000040_keypoints.json'
Error in E:\Project\Ham2Pose\data\hamnosys\keypoints\gsl_562\gsl_562_000000000041_keypoints.json: [Errno 2] No such file or directory: 'E:\\Project\\Ham2Pose\\data\\hamnosys\\keypoints\\gsl_562\\gsl_562_000000000041_keypoints.json'
Error in E:\Project\Ham2Pose\data\hamnosys\keypoints\gsl_562\gsl_562_000000000042_keypoints.json: [Errno 2] No such file or directory: 'E:\\Project\\Ham2Pose\\data\\hamnosys\\keypoints\\gsl_562\\gsl_562_000000000042_keypoints.json'
Error in E:\Project\Ham2Pose\data\hamnosys\keypoints\gsl_562\gsl_562_000000000043_keypoints.json: [Errno 2] No such file or directory: 'E:\\Project\\Ham2Pose\\data\\hamnosys\\keypoints\\gsl_562\\gsl_562_000000000043_keypoints.json'
Error in E:\Project\Ham2Pose\data\hamnosys\keypoints\gsl_562\gsl_562_000000000044_keypoints.json: [Errno 2] No such file or directory: 'E:\\Project\\Ham2Pose\\data\\hamnosys\\keypoints\\gsl_562\\gsl_562_000000000044_keypoints.json'
Error in E:\Project\Ham2Pose\data\hamnosys\keypoints\gsl_562\gsl_562_000000000045_keypoints.json: [Errno 2] No such file or directory: 'E:\\Project\\Ham2Pose\\data\\hamnosys\\keypoints\\gsl_562\\gsl_562_000000000045_keypoints.json'
Error in E:\Project\Ham2Pose\data\hamnosys\keypoints\gsl_562\gsl_562_000000000046_keypoints.json: [Errno 2] No such file or directory: 'E:\\Project\\Ham2Pose\\data\\hamnosys\\keypoints\\gsl_562\\gsl_562_000000000046_keypoints.json'
Error in E:\Project\Ham2Pose\data\hamnosys\keypoints\gsl_562\gsl_562_000000000047_keypoints.json: [Errno 2] No such file or directory: 'E:\\Project\\Ham2Pose\\data\\hamnosys\\keypoints\\gsl_562\\gsl_562_000000000047_keypoints.json'
Error in E:\Project\Ham2Pose\data\hamnosys\keypoints\gsl_562\gsl_562_000000000048_keypoints.json: [Errno 2] No such file or directory: 'E:\\Project\\Ham2Pose\\data\\hamnosys\\keypoints\\gsl_562\\gsl_562_000000000048_keypoints.json'
Error in E:\Project\Ham2Pose\data\hamnosys\keypoints\gsl_562\gsl_562_000000000049_keypoints.json: [Errno 2] No such file or directory: 'E:\\Project\\Ham2Pose\\data\\hamnosys\\keypoints\\gsl_562\\gsl_562_000000000049_keypoints.json'
Error in E:\Project\Ham2Pose\data\hamnosys\keypoints\gsl_562\gsl_562_000000000050_keypoints.json: [Errno 2] No such file or directory: 'E:\\Project\\Ham2Pose\\data\\hamnosys\\keypoints\\gsl_562\\gsl_562_000000000050_keypoints.json'
Error in E:\Project\Ham2Pose\data\hamnosys\keypoints\gsl_562\gsl_562_000000000051_keypoints.json: [Errno 2] No such file or directory: 'E:\\Project\\Ham2Pose\\data\\hamnosys\\keypoints\\gsl_562\\gsl_562_000000000051_keypoints.json'
Error in E:\Project\Ham2Pose\data\hamnosys\keypoints\gsl_562\gsl_562_000000000052_keypoints.json: [Errno 2] No such file or directory: 'E:\\Project\\Ham2Pose\\data\\hamnosys\\keypoints\\gsl_562\\gsl_562_000000000052_keypoints.json'
Error in E:\Project\Ham2Pose\data\hamnosys\keypoints\gsl_562\gsl_562_000000000053_keypoints.json: [Errno 2] No such file or directory: 'E:\\Project\\Ham2Pose\\data\\hamnosys\\keypoints\\gsl_562\\gsl_562_000000000053_keypoints.json'
Error in E:\Project\Ham2Pose\data\hamnosys\keypoints\gsl_562\gsl_562_000000000054_keypoints.json: [Errno 2] No such file or directory: 'E:\\Project\\Ham2Pose\\data\\hamnosys\\keypoints\\gsl_562\\gsl_562_000000000054_keypoints.json'
Error in E:\Project\Ham2Pose\data\hamnosys\keypoints\gsl_562\gsl_562_000000000055_keypoints.json: [Errno 2] No such file or directory: 'E:\\Project\\Ham2Pose\\data\\hamnosys\\keypoints\\gsl_562\\gsl_562_000000000055_keypoints.json'
Error in E:\Project\Ham2Pose\data\hamnosys\keypoints\gsl_562\gsl_562_000000000056_keypoints.json: [Errno 2] No such file or directory: 'E:\\Project\\Ham2Pose\\data\\hamnosys\\keypoints\\gsl_562\\gsl_562_000000000056_keypoints.json'
Error in E:\Project\Ham2Pose\data\hamnosys\keypoints\gsl_562\gsl_562_000000000057_keypoints.json: [Errno 2] No such file or directory: 'E:\\Project\\Ham2Pose\\data\\hamnosys\\keypoints\\gsl_562\\gsl_562_000000000057_keypoints.json'
Error in E:\Project\Ham2Pose\data\hamnosys\keypoints\gsl_562\gsl_562_000000000058_keypoints.json: [Errno 2] No such file or directory: 'E:\\Project\\Ham2Pose\\data\\hamnosys\\keypoints\\gsl_562\\gsl_562_000000000058_keypoints.json'
Error in E:\Project\Ham2Pose\data\hamnosys\keypoints\gsl_562\gsl_562_000000000059_keypoints.json: [Errno 2] No such file or directory: 'E:\\Project\\Ham2Pose\\data\\hamnosys\\keypoints\\gsl_562\\gsl_562_000000000059_keypoints.json'
Error in E:\Project\Ham2Pose\data\hamnosys\keypoints\gsl_562\gsl_562_000000000060_keypoints.json: [Errno 2] No such file or directory: 'E:\\Project\\Ham2Pose\\data\\hamnosys\\keypoints\\gsl_562\\gsl_562_000000000060_keypoints.json'
Error in E:\Project\Ham2Pose\data\hamnosys\keypoints\gsl_562\gsl_562_000000000061_keypoints.json: [Errno 2] No such file or directory: 'E:\\Project\\Ham2Pose\\data\\hamnosys\\keypoints\\gsl_562\\gsl_562_000000000061_keypoints.json'
Error in E:\Project\Ham2Pose\data\hamnosys\keypoints\gsl_562\gsl_562_000000000062_keypoints.json: [Errno 2] No such file or directory: 'E:\\Project\\Ham2Pose\\data\\hamnosys\\keypoints\\gsl_562\\gsl_562_000000000062_keypoints.json'
Error in E:\Project\Ham2Pose\data\hamnosys\keypoints\gsl_562\gsl_562_000000000063_keypoints.json: [Errno 2] No such file or directory: 'E:\\Project\\Ham2Pose\\data\\hamnosys\\keypoints\\gsl_562\\gsl_562_000000000063_keypoints.json'
 43%|████▎     | 2481/5749 [04:38<06:19,  8.60it/s]Pass 9_000000000000_keypoints.json
Pass 9_000000000001_keypoints.json
Pass 9_000000000002_keypoints.json
Pass 9_000000000003_keypoints.json
Pass 9_000000000004_keypoints.json
Pass 9_000000000005_keypoints.json
Pass 9_000000000006_keypoints.json
Pass 9_000000000007_keypoints.json
Pass 9_000000000008_keypoints.json
Pass 9_000000000009_keypoints.json
Pass 9_000000000010_keypoints.json
Pass 9_000000000011_keypoints.json
Pass 9_000000000012_keypoints.json
Pass 9_000000000013_keypoints.json
Pass 9_000000000014_keypoints.json
Pass 9_000000000015_keypoints.json
Pass 9_000000000016_keypoints.json
Pass 9_000000000017_keypoints.json
Pass 9_000000000018_keypoints.json
Pass 9_000000000019_keypoints.json
Pass 9_000000000020_keypoints.json
Pass 9_000000000021_keypoints.json
Pass 9_000000000022_keypoints.json
Pass 9_000000000023_keypoints.json
Pass 9_000000000024_keypoints.json
Pass 9_000000000025_keypoints.json
Pass 9_000000000026_keypoints.json
Pass 9_000000000027_keypoints.json
Pass 9_000000000028_keypoints.json
Pass 9_000000000029_keypoints.json
Pass 9_000000000030_keypoints.json
Pass 9_000000000031_keypoints.json
Pass 9_000000000032_keypoints.json
Pass 9_000000000033_keypoints.json
Pass 9_000000000034_keypoints.json
Pass 9_000000000035_keypoints.json
Pass 9_000000000036_keypoints.json
Pass 9_000000000037_keypoints.json
Pass 9_000000000038_keypoints.json
Pass 9_000000000039_keypoints.json
Pass 9_000000000040_keypoints.json
Pass 9_000000000041_keypoints.json
Pass 9_000000000042_keypoints.json
Pass 9_000000000043_keypoints.json
Pass 9_000000000044_keypoints.json
Pass 9_000000000045_keypoints.json
Pass 9_000000000046_keypoints.json
Pass 9_000000000047_keypoints.json
Pass 9_000000000048_keypoints.json
Pass 9_000000000049_keypoints.json
Pass 9_000000000050_keypoints.json
Pass 9_000000000051_keypoints.json
Pass 9_000000000052_keypoints.json
Pass 9_000000000053_keypoints.json
Pass 9_000000000054_keypoints.json
Pass 9_000000000055_keypoints.json
Pass 9_000000000056_keypoints.json
Pass 9_000000000057_keypoints.json
Pass 9_000000000058_keypoints.json
Pass 9_000000000059_keypoints.json
Pass 9_000000000060_keypoints.json
Pass 9_000000000061_keypoints.json
Pass 19_000000000000_keypoints.json
Pass 19_000000000001_keypoints.json
Pass 19_000000000002_keypoints.json
Pass 19_000000000003_keypoints.json
Pass 19_000000000004_keypoints.json
Pass 19_000000000005_keypoints.json
Pass 19_000000000006_keypoints.json
Pass 19_000000000007_keypoints.json
Pass 19_000000000008_keypoints.json
Pass 19_000000000009_keypoints.json
Pass 19_000000000010_keypoints.json
Pass 19_000000000011_keypoints.json
Pass 19_000000000012_keypoints.json
Pass 19_000000000013_keypoints.json
Pass 19_000000000014_keypoints.json
Pass 19_000000000015_keypoints.json
Pass 19_000000000016_keypoints.json
Pass 19_000000000017_keypoints.json
Pass 19_000000000018_keypoints.json
Pass 19_000000000019_keypoints.json
Pass 19_000000000020_keypoints.json
Pass 19_000000000021_keypoints.json
Pass 19_000000000022_keypoints.json
Pass 19_000000000023_keypoints.json
Pass 19_000000000024_keypoints.json
Pass 19_000000000025_keypoints.json
Pass 19_000000000026_keypoints.json
Pass 19_000000000027_keypoints.json
Pass 19_000000000028_keypoints.json
Pass 19_000000000029_keypoints.json
Pass 19_000000000030_keypoints.json
Pass 19_000000000031_keypoints.json
Pass 19_000000000032_keypoints.json
Pass 19_000000000033_keypoints.json
Pass 19_000000000034_keypoints.json
Pass 19_000000000035_keypoints.json
Pass 19_000000000036_keypoints.json
Pass 19_000000000037_keypoints.json
Pass 19_000000000038_keypoints.json
Pass 19_000000000039_keypoints.json
Pass 19_000000000040_keypoints.json
Pass 19_000000000041_keypoints.json
Pass 19_000000000042_keypoints.json
Pass 19_000000000043_keypoints.json
Pass 19_000000000044_keypoints.json
Pass 19_000000000045_keypoints.json
Pass 19_000000000046_keypoints.json
Pass 19_000000000047_keypoints.json
Pass 19_000000000048_keypoints.json
Pass 19_000000000049_keypoints.json
Pass 19_000000000050_keypoints.json
Pass 19_000000000051_keypoints.json
Pass 19_000000000052_keypoints.json
Pass 19_000000000053_keypoints.json
Pass 19_000000000054_keypoints.json
Pass 19_000000000055_keypoints.json
Pass 19_000000000056_keypoints.json
Pass 19_000000000057_keypoints.json
Pass 19_000000000058_keypoints.json
Pass 19_000000000059_keypoints.json
Pass 19_000000000060_keypoints.json
Pass 19_000000000061_keypoints.json
Pass 19_000000000062_keypoints.json
Pass 19_000000000063_keypoints.json
Pass 19_000000000064_keypoints.json
Pass 19_000000000065_keypoints.json
Pass 19_000000000066_keypoints.json
Pass 19_000000000067_keypoints.json
Pass 19_000000000068_keypoints.json
Pass 90_000000000000_keypoints.json
Pass 90_000000000001_keypoints.json
Pass 90_000000000002_keypoints.json
Pass 90_000000000003_keypoints.json
Pass 90_000000000004_keypoints.json
Pass 90_000000000005_keypoints.json
Pass 90_000000000006_keypoints.json
Pass 90_000000000007_keypoints.json
Pass 90_000000000008_keypoints.json
Pass 90_000000000009_keypoints.json
Pass 90_000000000010_keypoints.json
Pass 90_000000000011_keypoints.json
Pass 90_000000000012_keypoints.json
Pass 90_000000000013_keypoints.json
Pass 90_000000000014_keypoints.json
Pass 90_000000000015_keypoints.json
Pass 90_000000000016_keypoints.json
Pass 90_000000000017_keypoints.json
Pass 90_000000000018_keypoints.json
Pass 90_000000000019_keypoints.json
Pass 90_000000000020_keypoints.json
Pass 90_000000000021_keypoints.json
Pass 90_000000000022_keypoints.json
Pass 90_000000000023_keypoints.json
Pass 90_000000000024_keypoints.json
Pass 90_000000000025_keypoints.json
Pass 90_000000000026_keypoints.json
Pass 90_000000000027_keypoints.json
Pass 90_000000000028_keypoints.json
Pass 90_000000000029_keypoints.json
Pass 90_000000000030_keypoints.json
Pass 90_000000000031_keypoints.json
Pass 90_000000000032_keypoints.json
Pass 90_000000000033_keypoints.json
Pass 90_000000000034_keypoints.json
Pass 90_000000000035_keypoints.json
Pass 90_000000000036_keypoints.json
Pass 90_000000000037_keypoints.json
Pass 90_000000000038_keypoints.json
Pass 90_000000000039_keypoints.json
Pass 90_000000000040_keypoints.json
Pass 90_000000000041_keypoints.json
Pass 90_000000000042_keypoints.json
Pass 90_000000000043_keypoints.json
Pass 90_000000000044_keypoints.json
Pass 90_000000000045_keypoints.json
Pass 90_000000000046_keypoints.json
Pass 90_000000000047_keypoints.json
Pass 90_000000000048_keypoints.json
Pass 90_000000000049_keypoints.json
Pass 90_000000000050_keypoints.json
Pass 90_000000000051_keypoints.json
Pass 90_000000000052_keypoints.json
Pass 90_000000000053_keypoints.json
Pass 90_000000000054_keypoints.json
Pass 90_000000000055_keypoints.json
Pass 90_000000000056_keypoints.json
Pass 90_000000000057_keypoints.json
Pass 90_000000000058_keypoints.json
 43%|████▎     | 2495/5749 [04:40<06:54,  7.85it/s]Pass 6_000000000000_keypoints.json
Pass 6_000000000001_keypoints.json
Pass 6_000000000002_keypoints.json
Pass 6_000000000003_keypoints.json
Pass 6_000000000004_keypoints.json
Pass 6_000000000005_keypoints.json
Pass 6_000000000006_keypoints.json
Pass 6_000000000007_keypoints.json
Pass 6_000000000008_keypoints.json
Pass 6_000000000009_keypoints.json
Pass 6_000000000010_keypoints.json
Pass 6_000000000011_keypoints.json
Pass 6_000000000012_keypoints.json
Pass 6_000000000013_keypoints.json
Pass 6_000000000014_keypoints.json
Pass 6_000000000015_keypoints.json
Pass 6_000000000016_keypoints.json
Pass 6_000000000017_keypoints.json
Pass 6_000000000018_keypoints.json
Pass 6_000000000019_keypoints.json
Pass 6_000000000020_keypoints.json
Pass 6_000000000021_keypoints.json
Pass 6_000000000022_keypoints.json
Pass 6_000000000023_keypoints.json
Pass 6_000000000024_keypoints.json
Pass 6_000000000025_keypoints.json
Pass 6_000000000026_keypoints.json
Pass 6_000000000027_keypoints.json
Pass 6_000000000028_keypoints.json
Pass 6_000000000029_keypoints.json
Pass 6_000000000030_keypoints.json
Pass 6_000000000031_keypoints.json
Pass 6_000000000032_keypoints.json
Pass 6_000000000033_keypoints.json
Pass 6_000000000034_keypoints.json
Pass 6_000000000035_keypoints.json
Pass 6_000000000036_keypoints.json
Pass 6_000000000037_keypoints.json
Pass 6_000000000038_keypoints.json
Pass 6_000000000039_keypoints.json
Pass 6_000000000040_keypoints.json
Pass 6_000000000041_keypoints.json
Pass 6_000000000042_keypoints.json
Pass 6_000000000043_keypoints.json
Pass 6_000000000044_keypoints.json
Pass 6_000000000045_keypoints.json
Pass 6_000000000046_keypoints.json
Pass 6_000000000047_keypoints.json
Pass 6_000000000048_keypoints.json
Pass 6_000000000049_keypoints.json
Pass 6_000000000050_keypoints.json
Pass 6_000000000051_keypoints.json
Pass 6_000000000052_keypoints.json
Pass 6_000000000053_keypoints.json
Pass 6_000000000054_keypoints.json
Pass 6_000000000055_keypoints.json
Pass 6_000000000056_keypoints.json
Pass 6_000000000057_keypoints.json
Pass 6_000000000058_keypoints.json
Pass 6_000000000059_keypoints.json
Pass 6_000000000060_keypoints.json
Pass 6_000000000061_keypoints.json
 44%|████▎     | 2504/5749 [04:41<08:08,  6.65it/s]Pass 1_000000000000_keypoints.json
Pass 1_000000000001_keypoints.json
Pass 1_000000000002_keypoints.json
Pass 1_000000000003_keypoints.json
Pass 1_000000000004_keypoints.json
Pass 1_000000000005_keypoints.json
Pass 1_000000000006_keypoints.json
Pass 1_000000000007_keypoints.json
Pass 1_000000000008_keypoints.json
Pass 1_000000000009_keypoints.json
Pass 1_000000000010_keypoints.json
Pass 1_000000000011_keypoints.json
Pass 1_000000000012_keypoints.json
Pass 1_000000000013_keypoints.json
Pass 1_000000000014_keypoints.json
Pass 1_000000000015_keypoints.json
Pass 1_000000000016_keypoints.json
Pass 1_000000000017_keypoints.json
Pass 1_000000000018_keypoints.json
Pass 1_000000000019_keypoints.json
Pass 1_000000000020_keypoints.json
Pass 1_000000000021_keypoints.json
Pass 1_000000000022_keypoints.json
Pass 1_000000000023_keypoints.json
Pass 1_000000000024_keypoints.json
Pass 1_000000000025_keypoints.json
Pass 1_000000000026_keypoints.json
Pass 1_000000000027_keypoints.json
Pass 1_000000000028_keypoints.json
Pass 1_000000000029_keypoints.json
Pass 1_000000000030_keypoints.json
Pass 1_000000000031_keypoints.json
Pass 1_000000000032_keypoints.json
Pass 1_000000000033_keypoints.json
Pass 1_000000000034_keypoints.json
Pass 1_000000000035_keypoints.json
Pass 1_000000000036_keypoints.json
Pass 1_000000000037_keypoints.json
Pass 1_000000000038_keypoints.json
Pass 1_000000000039_keypoints.json
Pass 1_000000000040_keypoints.json
Pass 1_000000000041_keypoints.json
Pass 1_000000000042_keypoints.json
Pass 1_000000000043_keypoints.json
Pass 1_000000000044_keypoints.json
Pass 1_000000000045_keypoints.json
Pass 1_000000000046_keypoints.json
Pass 1_000000000047_keypoints.json
Pass 1_000000000048_keypoints.json
Pass 1_000000000049_keypoints.json
Pass 1_000000000050_keypoints.json
Pass 1_000000000051_keypoints.json
Pass 1_000000000052_keypoints.json
Pass 1_000000000053_keypoints.json
Pass 1_000000000054_keypoints.json
Pass 1_000000000055_keypoints.json
Pass 1_000000000056_keypoints.json
Pass 1_000000000057_keypoints.json
Pass 1_000000000058_keypoints.json
Pass 1_000000000059_keypoints.json
Pass 1_000000000060_keypoints.json
Pass 1_000000000061_keypoints.json
Pass 1_000000000062_keypoints.json
Pass 1_000000000063_keypoints.json
Pass 1_000000000064_keypoints.json
 45%|████▍     | 2581/5749 [04:54<07:59,  6.61it/s]Pass 7_000000000000_keypoints.json
Pass 7_000000000001_keypoints.json
Pass 7_000000000002_keypoints.json
Pass 7_000000000003_keypoints.json
Pass 7_000000000004_keypoints.json
Pass 7_000000000005_keypoints.json
Pass 7_000000000006_keypoints.json
Pass 7_000000000007_keypoints.json
Pass 7_000000000008_keypoints.json
Pass 7_000000000009_keypoints.json
Pass 7_000000000010_keypoints.json
Pass 7_000000000011_keypoints.json
Pass 7_000000000012_keypoints.json
Pass 7_000000000013_keypoints.json
Pass 7_000000000014_keypoints.json
Pass 7_000000000015_keypoints.json
Pass 7_000000000016_keypoints.json
Pass 7_000000000017_keypoints.json
Pass 7_000000000018_keypoints.json
Pass 7_000000000019_keypoints.json
Pass 7_000000000020_keypoints.json
Pass 7_000000000021_keypoints.json
Pass 7_000000000022_keypoints.json
Pass 7_000000000023_keypoints.json
Pass 7_000000000024_keypoints.json
Pass 7_000000000025_keypoints.json
Pass 7_000000000026_keypoints.json
Pass 7_000000000027_keypoints.json
Pass 7_000000000028_keypoints.json
Pass 7_000000000029_keypoints.json
Pass 7_000000000030_keypoints.json
Pass 7_000000000031_keypoints.json
Pass 7_000000000032_keypoints.json
Pass 7_000000000033_keypoints.json
Pass 7_000000000034_keypoints.json
Pass 7_000000000035_keypoints.json
Pass 7_000000000036_keypoints.json
Pass 7_000000000037_keypoints.json
Pass 7_000000000038_keypoints.json
Pass 7_000000000039_keypoints.json
Pass 7_000000000040_keypoints.json
Pass 7_000000000041_keypoints.json
Pass 7_000000000042_keypoints.json
Pass 7_000000000043_keypoints.json
Pass 7_000000000044_keypoints.json
Pass 7_000000000045_keypoints.json
Pass 7_000000000046_keypoints.json
Pass 7_000000000047_keypoints.json
Pass 7_000000000048_keypoints.json
Pass 7_000000000049_keypoints.json
Pass 7_000000000050_keypoints.json
Pass 7_000000000051_keypoints.json
Pass 7_000000000052_keypoints.json
Pass 7_000000000053_keypoints.json
Pass 7_000000000054_keypoints.json
Pass 7_000000000055_keypoints.json
Pass 7_000000000056_keypoints.json
Pass 7_000000000057_keypoints.json
Pass 7_000000000058_keypoints.json
Pass 7_000000000059_keypoints.json
Pass 7_000000000060_keypoints.json
Pass 7_000000000061_keypoints.json
 45%|████▍     | 2582/5749 [04:54<07:38,  6.91it/s]Pass 70_000000000000_keypoints.json
Pass 70_000000000001_keypoints.json
Pass 70_000000000002_keypoints.json
Pass 70_000000000003_keypoints.json
Pass 70_000000000004_keypoints.json
Pass 70_000000000005_keypoints.json
Pass 70_000000000006_keypoints.json
Pass 70_000000000007_keypoints.json
Pass 70_000000000008_keypoints.json
Pass 70_000000000009_keypoints.json
Pass 70_000000000010_keypoints.json
Pass 70_000000000011_keypoints.json
Pass 70_000000000012_keypoints.json
Pass 70_000000000013_keypoints.json
Pass 70_000000000014_keypoints.json
Pass 70_000000000015_keypoints.json
Pass 70_000000000016_keypoints.json
Pass 70_000000000017_keypoints.json
Pass 70_000000000018_keypoints.json
Pass 70_000000000019_keypoints.json
Pass 70_000000000020_keypoints.json
Pass 70_000000000021_keypoints.json
Pass 70_000000000022_keypoints.json
Pass 70_000000000023_keypoints.json
Pass 70_000000000024_keypoints.json
Pass 70_000000000025_keypoints.json
Pass 70_000000000026_keypoints.json
Pass 70_000000000027_keypoints.json
Pass 70_000000000028_keypoints.json
Pass 70_000000000029_keypoints.json
Pass 70_000000000030_keypoints.json
Pass 70_000000000031_keypoints.json
Pass 70_000000000032_keypoints.json
Pass 70_000000000033_keypoints.json
Pass 70_000000000034_keypoints.json
Pass 70_000000000035_keypoints.json
Pass 70_000000000036_keypoints.json
Pass 70_000000000037_keypoints.json
Pass 70_000000000038_keypoints.json
Pass 70_000000000039_keypoints.json
Pass 70_000000000040_keypoints.json
Pass 70_000000000041_keypoints.json
Pass 70_000000000042_keypoints.json
Pass 70_000000000043_keypoints.json
Pass 70_000000000044_keypoints.json
Pass 70_000000000045_keypoints.json
Pass 70_000000000046_keypoints.json
Pass 70_000000000047_keypoints.json
Pass 70_000000000048_keypoints.json
Pass 70_000000000049_keypoints.json
Pass 70_000000000050_keypoints.json
Pass 70_000000000051_keypoints.json
Pass 70_000000000052_keypoints.json
Pass 70_000000000053_keypoints.json
Pass 70_000000000054_keypoints.json
Pass 70_000000000055_keypoints.json
Pass 70_000000000056_keypoints.json
Pass 70_000000000057_keypoints.json
Pass 70_000000000058_keypoints.json
Pass 70_000000000059_keypoints.json
Pass 70_000000000060_keypoints.json
Pass 70_000000000061_keypoints.json
 46%|████▌     | 2646/5749 [05:03<07:43,  6.69it/s]Pass 7_000000000000_keypoints.json
Pass 7_000000000001_keypoints.json
Pass 7_000000000002_keypoints.json
Pass 7_000000000003_keypoints.json
Pass 7_000000000004_keypoints.json
Pass 7_000000000005_keypoints.json
Pass 7_000000000006_keypoints.json
Pass 7_000000000007_keypoints.json
Pass 7_000000000008_keypoints.json
Pass 7_000000000009_keypoints.json
Pass 7_000000000010_keypoints.json
Pass 7_000000000011_keypoints.json
Pass 7_000000000012_keypoints.json
Pass 7_000000000013_keypoints.json
Pass 7_000000000014_keypoints.json
Pass 7_000000000015_keypoints.json
Pass 7_000000000016_keypoints.json
Pass 7_000000000017_keypoints.json
Pass 7_000000000018_keypoints.json
Pass 7_000000000019_keypoints.json
Pass 7_000000000020_keypoints.json
Pass 7_000000000021_keypoints.json
Pass 7_000000000022_keypoints.json
Pass 7_000000000023_keypoints.json
Pass 7_000000000024_keypoints.json
Pass 7_000000000025_keypoints.json
Pass 7_000000000026_keypoints.json
Pass 7_000000000027_keypoints.json
Pass 7_000000000028_keypoints.json
Pass 7_000000000029_keypoints.json
Pass 7_000000000030_keypoints.json
Pass 7_000000000031_keypoints.json
Pass 7_000000000032_keypoints.json
Pass 7_000000000033_keypoints.json
Pass 7_000000000034_keypoints.json
Pass 7_000000000035_keypoints.json
Pass 7_000000000036_keypoints.json
Pass 7_000000000037_keypoints.json
Pass 7_000000000038_keypoints.json
Pass 7_000000000039_keypoints.json
Pass 7_000000000040_keypoints.json
Pass 7_000000000041_keypoints.json
Pass 7_000000000042_keypoints.json
Pass 7_000000000043_keypoints.json
Pass 7_000000000044_keypoints.json
Pass 7_000000000045_keypoints.json
Pass 7_000000000046_keypoints.json
Pass 7_000000000047_keypoints.json
Pass 7_000000000048_keypoints.json
Pass 7_000000000049_keypoints.json
Pass 7_000000000050_keypoints.json
Pass 7_000000000051_keypoints.json
Pass 7_000000000052_keypoints.json
Pass 7_000000000053_keypoints.json
Pass 7_000000000054_keypoints.json
Pass 7_000000000055_keypoints.json
Pass 7_000000000056_keypoints.json
Pass 7_000000000057_keypoints.json
Pass 7_000000000058_keypoints.json
Pass 7_000000000059_keypoints.json
Pass 7_000000000060_keypoints.json
Pass 7_000000000061_keypoints.json
Pass 17_000000000000_keypoints.json
Pass 17_000000000001_keypoints.json
Pass 17_000000000002_keypoints.json
Pass 17_000000000003_keypoints.json
Pass 17_000000000004_keypoints.json
Pass 17_000000000005_keypoints.json
Pass 17_000000000006_keypoints.json
Pass 17_000000000007_keypoints.json
Pass 17_000000000008_keypoints.json
Pass 17_000000000009_keypoints.json
Pass 17_000000000010_keypoints.json
Pass 17_000000000011_keypoints.json
Pass 17_000000000012_keypoints.json
Pass 17_000000000013_keypoints.json
Pass 17_000000000014_keypoints.json
Pass 17_000000000015_keypoints.json
Pass 17_000000000016_keypoints.json
Pass 17_000000000017_keypoints.json
Pass 17_000000000018_keypoints.json
Pass 17_000000000019_keypoints.json
Pass 17_000000000020_keypoints.json
Pass 17_000000000021_keypoints.json
Pass 17_000000000022_keypoints.json
Pass 17_000000000023_keypoints.json
Pass 17_000000000024_keypoints.json
Pass 17_000000000025_keypoints.json
Pass 17_000000000026_keypoints.json
Pass 17_000000000027_keypoints.json
Pass 17_000000000028_keypoints.json
Pass 17_000000000029_keypoints.json
Pass 17_000000000030_keypoints.json
Pass 17_000000000031_keypoints.json
Pass 17_000000000032_keypoints.json
Pass 17_000000000033_keypoints.json
Pass 17_000000000034_keypoints.json
Pass 17_000000000035_keypoints.json
Pass 17_000000000036_keypoints.json
Pass 17_000000000037_keypoints.json
Pass 17_000000000038_keypoints.json
Pass 17_000000000039_keypoints.json
Pass 17_000000000040_keypoints.json
Pass 17_000000000041_keypoints.json
Pass 17_000000000042_keypoints.json
Pass 17_000000000043_keypoints.json
Pass 17_000000000044_keypoints.json
Pass 17_000000000045_keypoints.json
Pass 17_000000000046_keypoints.json
Pass 17_000000000047_keypoints.json
Pass 17_000000000048_keypoints.json
Pass 17_000000000049_keypoints.json
Pass 17_000000000050_keypoints.json
Pass 17_000000000051_keypoints.json
Pass 17_000000000052_keypoints.json
Pass 17_000000000053_keypoints.json
Pass 17_000000000054_keypoints.json
Pass 17_000000000055_keypoints.json
Pass 17_000000000056_keypoints.json
Pass 17_000000000057_keypoints.json
Pass 17_000000000058_keypoints.json
Pass 17_000000000059_keypoints.json
Pass 17_000000000060_keypoints.json
Pass 17_000000000061_keypoints.json
Pass 17_000000000062_keypoints.json
Pass 17_000000000063_keypoints.json
Pass 17_000000000064_keypoints.json
Pass 17_000000000065_keypoints.json
Pass 17_000000000066_keypoints.json
Pass 17_000000000067_keypoints.json
Pass 17_000000000068_keypoints.json
Pass 17_000000000069_keypoints.json
Pass 17_000000000070_keypoints.json
Pass 70_000000000000_keypoints.json
Pass 70_000000000001_keypoints.json
Pass 70_000000000002_keypoints.json
Pass 70_000000000003_keypoints.json
Pass 70_000000000004_keypoints.json
Pass 70_000000000005_keypoints.json
Pass 70_000000000006_keypoints.json
Pass 70_000000000007_keypoints.json
Pass 70_000000000008_keypoints.json
Pass 70_000000000009_keypoints.json
Pass 70_000000000010_keypoints.json
Pass 70_000000000011_keypoints.json
Pass 70_000000000012_keypoints.json
Pass 70_000000000013_keypoints.json
Pass 70_000000000014_keypoints.json
Pass 70_000000000015_keypoints.json
Pass 70_000000000016_keypoints.json
Pass 70_000000000017_keypoints.json
Pass 70_000000000018_keypoints.json
Pass 70_000000000019_keypoints.json
Pass 70_000000000020_keypoints.json
Pass 70_000000000021_keypoints.json
Pass 70_000000000022_keypoints.json
Pass 70_000000000023_keypoints.json
Pass 70_000000000024_keypoints.json
Pass 70_000000000025_keypoints.json
Pass 70_000000000026_keypoints.json
Pass 70_000000000027_keypoints.json
Pass 70_000000000028_keypoints.json
Pass 70_000000000029_keypoints.json
Pass 70_000000000030_keypoints.json
Pass 70_000000000031_keypoints.json
Pass 70_000000000032_keypoints.json
Pass 70_000000000033_keypoints.json
Pass 70_000000000034_keypoints.json
Pass 70_000000000035_keypoints.json
Pass 70_000000000036_keypoints.json
Pass 70_000000000037_keypoints.json
Pass 70_000000000038_keypoints.json
Pass 70_000000000039_keypoints.json
Pass 70_000000000040_keypoints.json
Pass 70_000000000041_keypoints.json
Pass 70_000000000042_keypoints.json
Pass 70_000000000043_keypoints.json
Pass 70_000000000044_keypoints.json
Pass 70_000000000045_keypoints.json
Pass 70_000000000046_keypoints.json
Pass 70_000000000047_keypoints.json
Pass 70_000000000048_keypoints.json
Pass 70_000000000049_keypoints.json
Pass 70_000000000050_keypoints.json
Pass 70_000000000051_keypoints.json
Pass 70_000000000052_keypoints.json
Pass 70_000000000053_keypoints.json
Pass 70_000000000054_keypoints.json
Pass 70_000000000055_keypoints.json
Pass 70_000000000056_keypoints.json
Pass 70_000000000057_keypoints.json
Pass 70_000000000058_keypoints.json
Pass 70_000000000059_keypoints.json
Pass 70_000000000060_keypoints.json
Pass 70_000000000061_keypoints.json
 46%|████▋     | 2666/5749 [05:06<06:42,  7.66it/s]Pass 6_000000000000_keypoints.json
Pass 6_000000000001_keypoints.json
Pass 6_000000000002_keypoints.json
Pass 6_000000000003_keypoints.json
Pass 6_000000000004_keypoints.json
Pass 6_000000000005_keypoints.json
Pass 6_000000000006_keypoints.json
Pass 6_000000000007_keypoints.json
Pass 6_000000000008_keypoints.json
Pass 6_000000000009_keypoints.json
Pass 6_000000000010_keypoints.json
Pass 6_000000000011_keypoints.json
Pass 6_000000000012_keypoints.json
Pass 6_000000000013_keypoints.json
Pass 6_000000000014_keypoints.json
Pass 6_000000000015_keypoints.json
Pass 6_000000000016_keypoints.json
Pass 6_000000000017_keypoints.json
Pass 6_000000000018_keypoints.json
Pass 6_000000000019_keypoints.json
Pass 6_000000000020_keypoints.json
Pass 6_000000000021_keypoints.json
Pass 6_000000000022_keypoints.json
Pass 6_000000000023_keypoints.json
Pass 6_000000000024_keypoints.json
Pass 6_000000000025_keypoints.json
Pass 6_000000000026_keypoints.json
Pass 6_000000000027_keypoints.json
Pass 6_000000000028_keypoints.json
Pass 6_000000000029_keypoints.json
Pass 6_000000000030_keypoints.json
Pass 6_000000000031_keypoints.json
Pass 6_000000000032_keypoints.json
Pass 6_000000000033_keypoints.json
Pass 6_000000000034_keypoints.json
Pass 6_000000000035_keypoints.json
Pass 6_000000000036_keypoints.json
Pass 6_000000000037_keypoints.json
Pass 6_000000000038_keypoints.json
Pass 6_000000000039_keypoints.json
Pass 6_000000000040_keypoints.json
Pass 6_000000000041_keypoints.json
Pass 6_000000000042_keypoints.json
Pass 6_000000000043_keypoints.json
Pass 6_000000000044_keypoints.json
Pass 6_000000000045_keypoints.json
Pass 6_000000000046_keypoints.json
Pass 6_000000000047_keypoints.json
Pass 6_000000000048_keypoints.json
Pass 6_000000000049_keypoints.json
Pass 6_000000000050_keypoints.json
Pass 6_000000000051_keypoints.json
Pass 6_000000000052_keypoints.json
Pass 6_000000000053_keypoints.json
Pass 6_000000000054_keypoints.json
Pass 6_000000000055_keypoints.json
Pass 6_000000000056_keypoints.json
Pass 6_000000000057_keypoints.json
Pass 6_000000000058_keypoints.json
Pass 6_000000000059_keypoints.json
Pass 6_000000000060_keypoints.json
Pass 6_000000000061_keypoints.json
Pass 16_000000000000_keypoints.json
Pass 16_000000000001_keypoints.json
Pass 16_000000000002_keypoints.json
Pass 16_000000000003_keypoints.json
Pass 16_000000000004_keypoints.json
Pass 16_000000000005_keypoints.json
Pass 16_000000000006_keypoints.json
Pass 16_000000000007_keypoints.json
Pass 16_000000000008_keypoints.json
Pass 16_000000000009_keypoints.json
Pass 16_000000000010_keypoints.json
Pass 16_000000000011_keypoints.json
Pass 16_000000000012_keypoints.json
Pass 16_000000000013_keypoints.json
Pass 16_000000000014_keypoints.json
Pass 16_000000000015_keypoints.json
Pass 16_000000000016_keypoints.json
Pass 16_000000000017_keypoints.json
Pass 16_000000000018_keypoints.json
Pass 16_000000000019_keypoints.json
Pass 16_000000000020_keypoints.json
Pass 16_000000000021_keypoints.json
Pass 16_000000000022_keypoints.json
Pass 16_000000000023_keypoints.json
Pass 16_000000000024_keypoints.json
Pass 16_000000000025_keypoints.json
Pass 16_000000000026_keypoints.json
Pass 16_000000000027_keypoints.json
Pass 16_000000000028_keypoints.json
Pass 16_000000000029_keypoints.json
Pass 16_000000000030_keypoints.json
Pass 16_000000000031_keypoints.json
Pass 16_000000000032_keypoints.json
Pass 16_000000000033_keypoints.json
Pass 16_000000000034_keypoints.json
Pass 16_000000000035_keypoints.json
Pass 16_000000000036_keypoints.json
Pass 16_000000000037_keypoints.json
Pass 16_000000000038_keypoints.json
Pass 16_000000000039_keypoints.json
Pass 16_000000000040_keypoints.json
Pass 16_000000000041_keypoints.json
Pass 16_000000000042_keypoints.json
Pass 16_000000000043_keypoints.json
Pass 16_000000000044_keypoints.json
Pass 16_000000000045_keypoints.json
Pass 16_000000000046_keypoints.json
Pass 16_000000000047_keypoints.json
Pass 16_000000000048_keypoints.json
Pass 16_000000000049_keypoints.json
Pass 16_000000000050_keypoints.json
Pass 16_000000000051_keypoints.json
Pass 16_000000000052_keypoints.json
Pass 16_000000000053_keypoints.json
Pass 16_000000000054_keypoints.json
Pass 16_000000000055_keypoints.json
Pass 16_000000000056_keypoints.json
Pass 16_000000000057_keypoints.json
Pass 16_000000000058_keypoints.json
Pass 16_000000000059_keypoints.json
Pass 16_000000000060_keypoints.json
Pass 16_000000000061_keypoints.json
Pass 16_000000000062_keypoints.json
Pass 16_000000000063_keypoints.json
Pass 16_000000000064_keypoints.json
Pass 16_000000000065_keypoints.json
Pass 16_000000000066_keypoints.json
Pass 16_000000000067_keypoints.json
Pass 16_000000000068_keypoints.json
Pass 16_000000000069_keypoints.json
Pass 16_000000000070_keypoints.json
Pass 60_000000000000_keypoints.json
Pass 60_000000000001_keypoints.json
Pass 60_000000000002_keypoints.json
Pass 60_000000000003_keypoints.json
Pass 60_000000000004_keypoints.json
Pass 60_000000000005_keypoints.json
Pass 60_000000000006_keypoints.json
Pass 60_000000000007_keypoints.json
Pass 60_000000000008_keypoints.json
Pass 60_000000000009_keypoints.json
Pass 60_000000000010_keypoints.json
Pass 60_000000000011_keypoints.json
Pass 60_000000000012_keypoints.json
Pass 60_000000000013_keypoints.json
Pass 60_000000000014_keypoints.json
Pass 60_000000000015_keypoints.json
Pass 60_000000000016_keypoints.json
Pass 60_000000000017_keypoints.json
Pass 60_000000000018_keypoints.json
Pass 60_000000000019_keypoints.json
Pass 60_000000000020_keypoints.json
Pass 60_000000000021_keypoints.json
Pass 60_000000000022_keypoints.json
Pass 60_000000000023_keypoints.json
Pass 60_000000000024_keypoints.json
Pass 60_000000000025_keypoints.json
Pass 60_000000000026_keypoints.json
Pass 60_000000000027_keypoints.json
Pass 60_000000000028_keypoints.json
Pass 60_000000000029_keypoints.json
Pass 60_000000000030_keypoints.json
Pass 60_000000000031_keypoints.json
Pass 60_000000000032_keypoints.json
Pass 60_000000000033_keypoints.json
Pass 60_000000000034_keypoints.json
Pass 60_000000000035_keypoints.json
Pass 60_000000000036_keypoints.json
Pass 60_000000000037_keypoints.json
Pass 60_000000000038_keypoints.json
Pass 60_000000000039_keypoints.json
Pass 60_000000000040_keypoints.json
Pass 60_000000000041_keypoints.json
Pass 60_000000000042_keypoints.json
Pass 60_000000000043_keypoints.json
Pass 60_000000000044_keypoints.json
Pass 60_000000000045_keypoints.json
Pass 60_000000000046_keypoints.json
Pass 60_000000000047_keypoints.json
Pass 60_000000000048_keypoints.json
Pass 60_000000000049_keypoints.json
Pass 60_000000000050_keypoints.json
Pass 60_000000000051_keypoints.json
Pass 60_000000000052_keypoints.json
Pass 60_000000000053_keypoints.json
Pass 60_000000000054_keypoints.json
Pass 60_000000000055_keypoints.json
Pass 60_000000000056_keypoints.json
Pass 60_000000000057_keypoints.json
Pass 60_000000000058_keypoints.json
Pass 60_000000000059_keypoints.json
Pass 60_000000000060_keypoints.json
Pass 60_000000000061_keypoints.json
 46%|████▋     | 2672/5749 [05:06<04:36, 11.15it/s]Pass 80_000000000000_keypoints.json
Pass 80_000000000001_keypoints.json
Pass 80_000000000002_keypoints.json
Pass 80_000000000003_keypoints.json
Pass 80_000000000004_keypoints.json
Pass 80_000000000005_keypoints.json
Pass 80_000000000006_keypoints.json
Pass 80_000000000007_keypoints.json
Pass 80_000000000008_keypoints.json
Pass 80_000000000009_keypoints.json
Pass 80_000000000010_keypoints.json
Pass 80_000000000011_keypoints.json
Pass 80_000000000012_keypoints.json
Pass 80_000000000013_keypoints.json
Pass 80_000000000014_keypoints.json
Pass 80_000000000015_keypoints.json
Pass 80_000000000016_keypoints.json
Pass 80_000000000017_keypoints.json
Pass 80_000000000018_keypoints.json
Pass 80_000000000019_keypoints.json
Pass 80_000000000020_keypoints.json
Pass 80_000000000021_keypoints.json
Pass 80_000000000022_keypoints.json
Pass 80_000000000023_keypoints.json
Pass 80_000000000024_keypoints.json
Pass 80_000000000025_keypoints.json
Pass 80_000000000026_keypoints.json
Pass 80_000000000027_keypoints.json
Pass 80_000000000028_keypoints.json
Pass 80_000000000029_keypoints.json
Pass 80_000000000030_keypoints.json
Pass 80_000000000031_keypoints.json
Pass 80_000000000032_keypoints.json
Pass 80_000000000033_keypoints.json
Pass 80_000000000034_keypoints.json
Pass 80_000000000035_keypoints.json
Pass 80_000000000036_keypoints.json
Pass 80_000000000037_keypoints.json
Pass 80_000000000038_keypoints.json
Pass 80_000000000039_keypoints.json
Pass 80_000000000040_keypoints.json
Pass 80_000000000041_keypoints.json
Pass 80_000000000042_keypoints.json
Pass 80_000000000043_keypoints.json
Pass 80_000000000044_keypoints.json
Pass 80_000000000045_keypoints.json
Pass 80_000000000046_keypoints.json
Pass 80_000000000047_keypoints.json
Pass 80_000000000048_keypoints.json
Pass 80_000000000049_keypoints.json
Pass 80_000000000050_keypoints.json
Pass 80_000000000051_keypoints.json
Pass 80_000000000052_keypoints.json
Pass 80_000000000053_keypoints.json
Pass 80_000000000054_keypoints.json
Pass 80_000000000055_keypoints.json
Pass 80_000000000056_keypoints.json
Pass 80_000000000057_keypoints.json
Pass 80_000000000058_keypoints.json
Pass 80_000000000059_keypoints.json
 47%|████▋     | 2710/5749 [05:11<07:30,  6.74it/s]Error in E:\Project\Ham2Pose\data\hamnosys\keypoints\gsl_836\gsl_836_000000000016_keypoints.json: Expecting value: line 1 column 1 (char 0)
 47%|████▋     | 2729/5749 [05:14<07:49,  6.44it/s]Error in E:\Project\Ham2Pose\data\hamnosys\keypoints\gsl_861\gsl_861_000000000000_keypoints.json: [Errno 2] No such file or directory: 'E:\\Project\\Ham2Pose\\data\\hamnosys\\keypoints\\gsl_861\\gsl_861_000000000000_keypoints.json'
Error in E:\Project\Ham2Pose\data\hamnosys\keypoints\gsl_861\gsl_861_000000000001_keypoints.json: [Errno 2] No such file or directory: 'E:\\Project\\Ham2Pose\\data\\hamnosys\\keypoints\\gsl_861\\gsl_861_000000000001_keypoints.json'
Error in E:\Project\Ham2Pose\data\hamnosys\keypoints\gsl_861\gsl_861_000000000002_keypoints.json: [Errno 2] No such file or directory: 'E:\\Project\\Ham2Pose\\data\\hamnosys\\keypoints\\gsl_861\\gsl_861_000000000002_keypoints.json'
Error in E:\Project\Ham2Pose\data\hamnosys\keypoints\gsl_861\gsl_861_000000000003_keypoints.json: [Errno 2] No such file or directory: 'E:\\Project\\Ham2Pose\\data\\hamnosys\\keypoints\\gsl_861\\gsl_861_000000000003_keypoints.json'
Error in E:\Project\Ham2Pose\data\hamnosys\keypoints\gsl_861\gsl_861_000000000004_keypoints.json: [Errno 2] No such file or directory: 'E:\\Project\\Ham2Pose\\data\\hamnosys\\keypoints\\gsl_861\\gsl_861_000000000004_keypoints.json'
Error in E:\Project\Ham2Pose\data\hamnosys\keypoints\gsl_861\gsl_861_000000000005_keypoints.json: [Errno 2] No such file or directory: 'E:\\Project\\Ham2Pose\\data\\hamnosys\\keypoints\\gsl_861\\gsl_861_000000000005_keypoints.json'
Error in E:\Project\Ham2Pose\data\hamnosys\keypoints\gsl_861\gsl_861_000000000006_keypoints.json: [Errno 2] No such file or directory: 'E:\\Project\\Ham2Pose\\data\\hamnosys\\keypoints\\gsl_861\\gsl_861_000000000006_keypoints.json'
Error in E:\Project\Ham2Pose\data\hamnosys\keypoints\gsl_861\gsl_861_000000000007_keypoints.json: [Errno 2] No such file or directory: 'E:\\Project\\Ham2Pose\\data\\hamnosys\\keypoints\\gsl_861\\gsl_861_000000000007_keypoints.json'
Error in E:\Project\Ham2Pose\data\hamnosys\keypoints\gsl_861\gsl_861_000000000008_keypoints.json: [Errno 2] No such file or directory: 'E:\\Project\\Ham2Pose\\data\\hamnosys\\keypoints\\gsl_861\\gsl_861_000000000008_keypoints.json'
Error in E:\Project\Ham2Pose\data\hamnosys\keypoints\gsl_861\gsl_861_000000000009_keypoints.json: [Errno 2] No such file or directory: 'E:\\Project\\Ham2Pose\\data\\hamnosys\\keypoints\\gsl_861\\gsl_861_000000000009_keypoints.json'
Error in E:\Project\Ham2Pose\data\hamnosys\keypoints\gsl_861\gsl_861_000000000010_keypoints.json: [Errno 2] No such file or directory: 'E:\\Project\\Ham2Pose\\data\\hamnosys\\keypoints\\gsl_861\\gsl_861_000000000010_keypoints.json'
Error in E:\Project\Ham2Pose\data\hamnosys\keypoints\gsl_861\gsl_861_000000000011_keypoints.json: [Errno 2] No such file or directory: 'E:\\Project\\Ham2Pose\\data\\hamnosys\\keypoints\\gsl_861\\gsl_861_000000000011_keypoints.json'
Error in E:\Project\Ham2Pose\data\hamnosys\keypoints\gsl_861\gsl_861_000000000012_keypoints.json: [Errno 2] No such file or directory: 'E:\\Project\\Ham2Pose\\data\\hamnosys\\keypoints\\gsl_861\\gsl_861_000000000012_keypoints.json'
Error in E:\Project\Ham2Pose\data\hamnosys\keypoints\gsl_861\gsl_861_000000000013_keypoints.json: [Errno 2] No such file or directory: 'E:\\Project\\Ham2Pose\\data\\hamnosys\\keypoints\\gsl_861\\gsl_861_000000000013_keypoints.json'
Error in E:\Project\Ham2Pose\data\hamnosys\keypoints\gsl_861\gsl_861_000000000014_keypoints.json: [Errno 2] No such file or directory: 'E:\\Project\\Ham2Pose\\data\\hamnosys\\keypoints\\gsl_861\\gsl_861_000000000014_keypoints.json'
Error in E:\Project\Ham2Pose\data\hamnosys\keypoints\gsl_861\gsl_861_000000000015_keypoints.json: [Errno 2] No such file or directory: 'E:\\Project\\Ham2Pose\\data\\hamnosys\\keypoints\\gsl_861\\gsl_861_000000000015_keypoints.json'
Error in E:\Project\Ham2Pose\data\hamnosys\keypoints\gsl_861\gsl_861_000000000016_keypoints.json: [Errno 2] No such file or directory: 'E:\\Project\\Ham2Pose\\data\\hamnosys\\keypoints\\gsl_861\\gsl_861_000000000016_keypoints.json'
Error in E:\Project\Ham2Pose\data\hamnosys\keypoints\gsl_861\gsl_861_000000000017_keypoints.json: [Errno 2] No such file or directory: 'E:\\Project\\Ham2Pose\\data\\hamnosys\\keypoints\\gsl_861\\gsl_861_000000000017_keypoints.json'
Error in E:\Project\Ham2Pose\data\hamnosys\keypoints\gsl_861\gsl_861_000000000018_keypoints.json: [Errno 2] No such file or directory: 'E:\\Project\\Ham2Pose\\data\\hamnosys\\keypoints\\gsl_861\\gsl_861_000000000018_keypoints.json'
Error in E:\Project\Ham2Pose\data\hamnosys\keypoints\gsl_861\gsl_861_000000000019_keypoints.json: [Errno 2] No such file or directory: 'E:\\Project\\Ham2Pose\\data\\hamnosys\\keypoints\\gsl_861\\gsl_861_000000000019_keypoints.json'
Error in E:\Project\Ham2Pose\data\hamnosys\keypoints\gsl_861\gsl_861_000000000020_keypoints.json: [Errno 2] No such file or directory: 'E:\\Project\\Ham2Pose\\data\\hamnosys\\keypoints\\gsl_861\\gsl_861_000000000020_keypoints.json'
Error in E:\Project\Ham2Pose\data\hamnosys\keypoints\gsl_861\gsl_861_000000000021_keypoints.json: [Errno 2] No such file or directory: 'E:\\Project\\Ham2Pose\\data\\hamnosys\\keypoints\\gsl_861\\gsl_861_000000000021_keypoints.json'
Error in E:\Project\Ham2Pose\data\hamnosys\keypoints\gsl_861\gsl_861_000000000022_keypoints.json: [Errno 2] No such file or directory: 'E:\\Project\\Ham2Pose\\data\\hamnosys\\keypoints\\gsl_861\\gsl_861_000000000022_keypoints.json'
Error in E:\Project\Ham2Pose\data\hamnosys\keypoints\gsl_861\gsl_861_000000000023_keypoints.json: [Errno 2] No such file or directory: 'E:\\Project\\Ham2Pose\\data\\hamnosys\\keypoints\\gsl_861\\gsl_861_000000000023_keypoints.json'
Error in E:\Project\Ham2Pose\data\hamnosys\keypoints\gsl_861\gsl_861_000000000024_keypoints.json: [Errno 2] No such file or directory: 'E:\\Project\\Ham2Pose\\data\\hamnosys\\keypoints\\gsl_861\\gsl_861_000000000024_keypoints.json'
Error in E:\Project\Ham2Pose\data\hamnosys\keypoints\gsl_861\gsl_861_000000000025_keypoints.json: [Errno 2] No such file or directory: 'E:\\Project\\Ham2Pose\\data\\hamnosys\\keypoints\\gsl_861\\gsl_861_000000000025_keypoints.json'
Error in E:\Project\Ham2Pose\data\hamnosys\keypoints\gsl_861\gsl_861_000000000026_keypoints.json: [Errno 2] No such file or directory: 'E:\\Project\\Ham2Pose\\data\\hamnosys\\keypoints\\gsl_861\\gsl_861_000000000026_keypoints.json'
Error in E:\Project\Ham2Pose\data\hamnosys\keypoints\gsl_861\gsl_861_000000000027_keypoints.json: [Errno 2] No such file or directory: 'E:\\Project\\Ham2Pose\\data\\hamnosys\\keypoints\\gsl_861\\gsl_861_000000000027_keypoints.json'
Error in E:\Project\Ham2Pose\data\hamnosys\keypoints\gsl_861\gsl_861_000000000028_keypoints.json: [Errno 2] No such file or directory: 'E:\\Project\\Ham2Pose\\data\\hamnosys\\keypoints\\gsl_861\\gsl_861_000000000028_keypoints.json'
Error in E:\Project\Ham2Pose\data\hamnosys\keypoints\gsl_861\gsl_861_000000000029_keypoints.json: [Errno 2] No such file or directory: 'E:\\Project\\Ham2Pose\\data\\hamnosys\\keypoints\\gsl_861\\gsl_861_000000000029_keypoints.json'
Error in E:\Project\Ham2Pose\data\hamnosys\keypoints\gsl_861\gsl_861_000000000030_keypoints.json: [Errno 2] No such file or directory: 'E:\\Project\\Ham2Pose\\data\\hamnosys\\keypoints\\gsl_861\\gsl_861_000000000030_keypoints.json'
Error in E:\Project\Ham2Pose\data\hamnosys\keypoints\gsl_861\gsl_861_000000000031_keypoints.json: [Errno 2] No such file or directory: 'E:\\Project\\Ham2Pose\\data\\hamnosys\\keypoints\\gsl_861\\gsl_861_000000000031_keypoints.json'
Error in E:\Project\Ham2Pose\data\hamnosys\keypoints\gsl_861\gsl_861_000000000032_keypoints.json: [Errno 2] No such file or directory: 'E:\\Project\\Ham2Pose\\data\\hamnosys\\keypoints\\gsl_861\\gsl_861_000000000032_keypoints.json'
Error in E:\Project\Ham2Pose\data\hamnosys\keypoints\gsl_861\gsl_861_000000000033_keypoints.json: [Errno 2] No such file or directory: 'E:\\Project\\Ham2Pose\\data\\hamnosys\\keypoints\\gsl_861\\gsl_861_000000000033_keypoints.json'
Error in E:\Project\Ham2Pose\data\hamnosys\keypoints\gsl_861\gsl_861_000000000034_keypoints.json: [Errno 2] No such file or directory: 'E:\\Project\\Ham2Pose\\data\\hamnosys\\keypoints\\gsl_861\\gsl_861_000000000034_keypoints.json'
Error in E:\Project\Ham2Pose\data\hamnosys\keypoints\gsl_861\gsl_861_000000000035_keypoints.json: [Errno 2] No such file or directory: 'E:\\Project\\Ham2Pose\\data\\hamnosys\\keypoints\\gsl_861\\gsl_861_000000000035_keypoints.json'
Error in E:\Project\Ham2Pose\data\hamnosys\keypoints\gsl_861\gsl_861_000000000036_keypoints.json: [Errno 2] No such file or directory: 'E:\\Project\\Ham2Pose\\data\\hamnosys\\keypoints\\gsl_861\\gsl_861_000000000036_keypoints.json'
Error in E:\Project\Ham2Pose\data\hamnosys\keypoints\gsl_861\gsl_861_000000000037_keypoints.json: [Errno 2] No such file or directory: 'E:\\Project\\Ham2Pose\\data\\hamnosys\\keypoints\\gsl_861\\gsl_861_000000000037_keypoints.json'
Error in E:\Project\Ham2Pose\data\hamnosys\keypoints\gsl_861\gsl_861_000000000038_keypoints.json: [Errno 2] No such file or directory: 'E:\\Project\\Ham2Pose\\data\\hamnosys\\keypoints\\gsl_861\\gsl_861_000000000038_keypoints.json'
Error in E:\Project\Ham2Pose\data\hamnosys\keypoints\gsl_861\gsl_861_000000000039_keypoints.json: [Errno 2] No such file or directory: 'E:\\Project\\Ham2Pose\\data\\hamnosys\\keypoints\\gsl_861\\gsl_861_000000000039_keypoints.json'
Error in E:\Project\Ham2Pose\data\hamnosys\keypoints\gsl_861\gsl_861_000000000040_keypoints.json: [Errno 2] No such file or directory: 'E:\\Project\\Ham2Pose\\data\\hamnosys\\keypoints\\gsl_861\\gsl_861_000000000040_keypoints.json'
Error in E:\Project\Ham2Pose\data\hamnosys\keypoints\gsl_861\gsl_861_000000000041_keypoints.json: [Errno 2] No such file or directory: 'E:\\Project\\Ham2Pose\\data\\hamnosys\\keypoints\\gsl_861\\gsl_861_000000000041_keypoints.json'
Error in E:\Project\Ham2Pose\data\hamnosys\keypoints\gsl_861\gsl_861_000000000042_keypoints.json: [Errno 2] No such file or directory: 'E:\\Project\\Ham2Pose\\data\\hamnosys\\keypoints\\gsl_861\\gsl_861_000000000042_keypoints.json'
Error in E:\Project\Ham2Pose\data\hamnosys\keypoints\gsl_861\gsl_861_000000000043_keypoints.json: [Errno 2] No such file or directory: 'E:\\Project\\Ham2Pose\\data\\hamnosys\\keypoints\\gsl_861\\gsl_861_000000000043_keypoints.json'
Error in E:\Project\Ham2Pose\data\hamnosys\keypoints\gsl_861\gsl_861_000000000044_keypoints.json: [Errno 2] No such file or directory: 'E:\\Project\\Ham2Pose\\data\\hamnosys\\keypoints\\gsl_861\\gsl_861_000000000044_keypoints.json'
Error in E:\Project\Ham2Pose\data\hamnosys\keypoints\gsl_861\gsl_861_000000000045_keypoints.json: [Errno 2] No such file or directory: 'E:\\Project\\Ham2Pose\\data\\hamnosys\\keypoints\\gsl_861\\gsl_861_000000000045_keypoints.json'
Error in E:\Project\Ham2Pose\data\hamnosys\keypoints\gsl_861\gsl_861_000000000046_keypoints.json: [Errno 2] No such file or directory: 'E:\\Project\\Ham2Pose\\data\\hamnosys\\keypoints\\gsl_861\\gsl_861_000000000046_keypoints.json'
Error in E:\Project\Ham2Pose\data\hamnosys\keypoints\gsl_861\gsl_861_000000000047_keypoints.json: [Errno 2] No such file or directory: 'E:\\Project\\Ham2Pose\\data\\hamnosys\\keypoints\\gsl_861\\gsl_861_000000000047_keypoints.json'
Error in E:\Project\Ham2Pose\data\hamnosys\keypoints\gsl_861\gsl_861_000000000048_keypoints.json: [Errno 2] No such file or directory: 'E:\\Project\\Ham2Pose\\data\\hamnosys\\keypoints\\gsl_861\\gsl_861_000000000048_keypoints.json'
Error in E:\Project\Ham2Pose\data\hamnosys\keypoints\gsl_861\gsl_861_000000000049_keypoints.json: [Errno 2] No such file or directory: 'E:\\Project\\Ham2Pose\\data\\hamnosys\\keypoints\\gsl_861\\gsl_861_000000000049_keypoints.json'
Error in E:\Project\Ham2Pose\data\hamnosys\keypoints\gsl_861\gsl_861_000000000050_keypoints.json: [Errno 2] No such file or directory: 'E:\\Project\\Ham2Pose\\data\\hamnosys\\keypoints\\gsl_861\\gsl_861_000000000050_keypoints.json'
Error in E:\Project\Ham2Pose\data\hamnosys\keypoints\gsl_861\gsl_861_000000000051_keypoints.json: [Errno 2] No such file or directory: 'E:\\Project\\Ham2Pose\\data\\hamnosys\\keypoints\\gsl_861\\gsl_861_000000000051_keypoints.json'
Error in E:\Project\Ham2Pose\data\hamnosys\keypoints\gsl_861\gsl_861_000000000052_keypoints.json: [Errno 2] No such file or directory: 'E:\\Project\\Ham2Pose\\data\\hamnosys\\keypoints\\gsl_861\\gsl_861_000000000052_keypoints.json'
Error in E:\Project\Ham2Pose\data\hamnosys\keypoints\gsl_861\gsl_861_000000000053_keypoints.json: [Errno 2] No such file or directory: 'E:\\Project\\Ham2Pose\\data\\hamnosys\\keypoints\\gsl_861\\gsl_861_000000000053_keypoints.json'
Error in E:\Project\Ham2Pose\data\hamnosys\keypoints\gsl_861\gsl_861_000000000054_keypoints.json: [Errno 2] No such file or directory: 'E:\\Project\\Ham2Pose\\data\\hamnosys\\keypoints\\gsl_861\\gsl_861_000000000054_keypoints.json'
Error in E:\Project\Ham2Pose\data\hamnosys\keypoints\gsl_861\gsl_861_000000000055_keypoints.json: [Errno 2] No such file or directory: 'E:\\Project\\Ham2Pose\\data\\hamnosys\\keypoints\\gsl_861\\gsl_861_000000000055_keypoints.json'
Error in E:\Project\Ham2Pose\data\hamnosys\keypoints\gsl_861\gsl_861_000000000056_keypoints.json: [Errno 2] No such file or directory: 'E:\\Project\\Ham2Pose\\data\\hamnosys\\keypoints\\gsl_861\\gsl_861_000000000056_keypoints.json'
Error in E:\Project\Ham2Pose\data\hamnosys\keypoints\gsl_861\gsl_861_000000000057_keypoints.json: [Errno 2] No such file or directory: 'E:\\Project\\Ham2Pose\\data\\hamnosys\\keypoints\\gsl_861\\gsl_861_000000000057_keypoints.json'
Error in E:\Project\Ham2Pose\data\hamnosys\keypoints\gsl_861\gsl_861_000000000058_keypoints.json: [Errno 2] No such file or directory: 'E:\\Project\\Ham2Pose\\data\\hamnosys\\keypoints\\gsl_861\\gsl_861_000000000058_keypoints.json'
Error in E:\Project\Ham2Pose\data\hamnosys\keypoints\gsl_861\gsl_861_000000000059_keypoints.json: [Errno 2] No such file or directory: 'E:\\Project\\Ham2Pose\\data\\hamnosys\\keypoints\\gsl_861\\gsl_861_000000000059_keypoints.json'
Error in E:\Project\Ham2Pose\data\hamnosys\keypoints\gsl_861\gsl_861_000000000060_keypoints.json: [Errno 2] No such file or directory: 'E:\\Project\\Ham2Pose\\data\\hamnosys\\keypoints\\gsl_861\\gsl_861_000000000060_keypoints.json'
Error in E:\Project\Ham2Pose\data\hamnosys\keypoints\gsl_861\gsl_861_000000000061_keypoints.json: [Errno 2] No such file or directory: 'E:\\Project\\Ham2Pose\\data\\hamnosys\\keypoints\\gsl_861\\gsl_861_000000000061_keypoints.json'
Error in E:\Project\Ham2Pose\data\hamnosys\keypoints\gsl_861\gsl_861_000000000062_keypoints.json: [Errno 2] No such file or directory: 'E:\\Project\\Ham2Pose\\data\\hamnosys\\keypoints\\gsl_861\\gsl_861_000000000062_keypoints.json'
Error in E:\Project\Ham2Pose\data\hamnosys\keypoints\gsl_861\gsl_861_000000000063_keypoints.json: [Errno 2] No such file or directory: 'E:\\Project\\Ham2Pose\\data\\hamnosys\\keypoints\\gsl_861\\gsl_861_000000000063_keypoints.json'
Error in E:\Project\Ham2Pose\data\hamnosys\keypoints\gsl_861\gsl_861_000000000064_keypoints.json: [Errno 2] No such file or directory: 'E:\\Project\\Ham2Pose\\data\\hamnosys\\keypoints\\gsl_861\\gsl_861_000000000064_keypoints.json'
Error in E:\Project\Ham2Pose\data\hamnosys\keypoints\gsl_861\gsl_861_000000000065_keypoints.json: [Errno 2] No such file or directory: 'E:\\Project\\Ham2Pose\\data\\hamnosys\\keypoints\\gsl_861\\gsl_861_000000000065_keypoints.json'
Error in E:\Project\Ham2Pose\data\hamnosys\keypoints\gsl_861\gsl_861_000000000066_keypoints.json: [Errno 2] No such file or directory: 'E:\\Project\\Ham2Pose\\data\\hamnosys\\keypoints\\gsl_861\\gsl_861_000000000066_keypoints.json'
Error in E:\Project\Ham2Pose\data\hamnosys\keypoints\gsl_861\gsl_861_000000000067_keypoints.json: [Errno 2] No such file or directory: 'E:\\Project\\Ham2Pose\\data\\hamnosys\\keypoints\\gsl_861\\gsl_861_000000000067_keypoints.json'
Error in E:\Project\Ham2Pose\data\hamnosys\keypoints\gsl_861\gsl_861_000000000068_keypoints.json: [Errno 2] No such file or directory: 'E:\\Project\\Ham2Pose\\data\\hamnosys\\keypoints\\gsl_861\\gsl_861_000000000068_keypoints.json'
Error in E:\Project\Ham2Pose\data\hamnosys\keypoints\gsl_861\gsl_861_000000000069_keypoints.json: [Errno 2] No such file or directory: 'E:\\Project\\Ham2Pose\\data\\hamnosys\\keypoints\\gsl_861\\gsl_861_000000000069_keypoints.json'
Error in E:\Project\Ham2Pose\data\hamnosys\keypoints\gsl_861\gsl_861_000000000070_keypoints.json: [Errno 2] No such file or directory: 'E:\\Project\\Ham2Pose\\data\\hamnosys\\keypoints\\gsl_861\\gsl_861_000000000070_keypoints.json'
 48%|████▊     | 2766/5749 [05:20<08:59,  5.53it/s]Pass 9_000000000000_keypoints.json
Pass 9_000000000001_keypoints.json
Pass 9_000000000002_keypoints.json
Pass 9_000000000003_keypoints.json
Pass 9_000000000004_keypoints.json
Pass 9_000000000005_keypoints.json
Pass 9_000000000006_keypoints.json
Pass 9_000000000007_keypoints.json
Pass 9_000000000008_keypoints.json
Pass 9_000000000009_keypoints.json
Pass 9_000000000010_keypoints.json
Pass 9_000000000011_keypoints.json
Pass 9_000000000012_keypoints.json
Pass 9_000000000013_keypoints.json
Pass 9_000000000014_keypoints.json
Pass 9_000000000015_keypoints.json
Pass 9_000000000016_keypoints.json
Pass 9_000000000017_keypoints.json
Pass 9_000000000018_keypoints.json
Pass 9_000000000019_keypoints.json
Pass 9_000000000020_keypoints.json
Pass 9_000000000021_keypoints.json
Pass 9_000000000022_keypoints.json
Pass 9_000000000023_keypoints.json
Pass 9_000000000024_keypoints.json
Pass 9_000000000025_keypoints.json
Pass 9_000000000026_keypoints.json
Pass 9_000000000027_keypoints.json
Pass 9_000000000028_keypoints.json
Pass 9_000000000029_keypoints.json
Pass 9_000000000030_keypoints.json
Pass 9_000000000031_keypoints.json
Pass 9_000000000032_keypoints.json
Pass 9_000000000033_keypoints.json
Pass 9_000000000034_keypoints.json
Pass 9_000000000035_keypoints.json
Pass 9_000000000036_keypoints.json
Pass 9_000000000037_keypoints.json
Pass 9_000000000038_keypoints.json
Pass 9_000000000039_keypoints.json
Pass 9_000000000040_keypoints.json
Pass 9_000000000041_keypoints.json
Pass 9_000000000042_keypoints.json
Pass 9_000000000043_keypoints.json
Pass 9_000000000044_keypoints.json
Pass 9_000000000045_keypoints.json
Pass 9_000000000046_keypoints.json
Pass 9_000000000047_keypoints.json
Pass 9_000000000048_keypoints.json
Pass 9_000000000049_keypoints.json
Pass 9_000000000050_keypoints.json
Pass 9_000000000051_keypoints.json
Pass 9_000000000052_keypoints.json
Pass 9_000000000053_keypoints.json
Pass 9_000000000054_keypoints.json
Pass 9_000000000055_keypoints.json
Pass 9_000000000056_keypoints.json
Pass 9_000000000057_keypoints.json
Pass 9_000000000058_keypoints.json
Pass 9_000000000059_keypoints.json
Pass 9_000000000060_keypoints.json
Pass 9_000000000061_keypoints.json
 48%|████▊     | 2767/5749 [05:21<08:37,  5.76it/s]Pass 90_000000000000_keypoints.json
Pass 90_000000000001_keypoints.json
Pass 90_000000000002_keypoints.json
Pass 90_000000000003_keypoints.json
Pass 90_000000000004_keypoints.json
Pass 90_000000000005_keypoints.json
Pass 90_000000000006_keypoints.json
Pass 90_000000000007_keypoints.json
Pass 90_000000000008_keypoints.json
Pass 90_000000000009_keypoints.json
Pass 90_000000000010_keypoints.json
Pass 90_000000000011_keypoints.json
Pass 90_000000000012_keypoints.json
Pass 90_000000000013_keypoints.json
Pass 90_000000000014_keypoints.json
Pass 90_000000000015_keypoints.json
Pass 90_000000000016_keypoints.json
Pass 90_000000000017_keypoints.json
Pass 90_000000000018_keypoints.json
Pass 90_000000000019_keypoints.json
Pass 90_000000000020_keypoints.json
Pass 90_000000000021_keypoints.json
Pass 90_000000000022_keypoints.json
Pass 90_000000000023_keypoints.json
Pass 90_000000000024_keypoints.json
Pass 90_000000000025_keypoints.json
Pass 90_000000000026_keypoints.json
Pass 90_000000000027_keypoints.json
Pass 90_000000000028_keypoints.json
Pass 90_000000000029_keypoints.json
Pass 90_000000000030_keypoints.json
Pass 90_000000000031_keypoints.json
Pass 90_000000000032_keypoints.json
Pass 90_000000000033_keypoints.json
Pass 90_000000000034_keypoints.json
Pass 90_000000000035_keypoints.json
Pass 90_000000000036_keypoints.json
Pass 90_000000000037_keypoints.json
Pass 90_000000000038_keypoints.json
Pass 90_000000000039_keypoints.json
Pass 90_000000000040_keypoints.json
Pass 90_000000000041_keypoints.json
Pass 90_000000000042_keypoints.json
Pass 90_000000000043_keypoints.json
Pass 90_000000000044_keypoints.json
Pass 90_000000000045_keypoints.json
Pass 90_000000000046_keypoints.json
Pass 90_000000000047_keypoints.json
Pass 90_000000000048_keypoints.json
Pass 90_000000000049_keypoints.json
Pass 90_000000000050_keypoints.json
Pass 90_000000000051_keypoints.json
Pass 90_000000000052_keypoints.json
Pass 90_000000000053_keypoints.json
Pass 90_000000000054_keypoints.json
Pass 90_000000000055_keypoints.json
Pass 90_000000000056_keypoints.json
Pass 90_000000000057_keypoints.json
Pass 90_000000000058_keypoints.json
 48%|████▊     | 2768/5749 [05:21<08:27,  5.88it/s]Pass 10_000000000000_keypoints.json
Pass 10_000000000001_keypoints.json
Pass 10_000000000002_keypoints.json
Pass 10_000000000003_keypoints.json
Pass 10_000000000004_keypoints.json
Pass 10_000000000005_keypoints.json
Pass 10_000000000006_keypoints.json
Pass 10_000000000007_keypoints.json
Pass 10_000000000008_keypoints.json
Pass 10_000000000009_keypoints.json
Pass 10_000000000010_keypoints.json
Pass 10_000000000011_keypoints.json
Pass 10_000000000012_keypoints.json
Pass 10_000000000013_keypoints.json
Pass 10_000000000014_keypoints.json
Pass 10_000000000015_keypoints.json
Pass 10_000000000016_keypoints.json
Pass 10_000000000017_keypoints.json
Pass 10_000000000018_keypoints.json
Pass 10_000000000019_keypoints.json
Pass 10_000000000020_keypoints.json
Pass 10_000000000021_keypoints.json
Pass 10_000000000022_keypoints.json
Pass 10_000000000023_keypoints.json
Pass 10_000000000024_keypoints.json
Pass 10_000000000025_keypoints.json
Pass 10_000000000026_keypoints.json
Pass 10_000000000027_keypoints.json
Pass 10_000000000028_keypoints.json
Pass 10_000000000029_keypoints.json
Pass 10_000000000030_keypoints.json
Pass 10_000000000031_keypoints.json
Pass 10_000000000032_keypoints.json
Pass 10_000000000033_keypoints.json
Pass 10_000000000034_keypoints.json
Pass 10_000000000035_keypoints.json
Pass 10_000000000036_keypoints.json
Pass 10_000000000037_keypoints.json
Pass 10_000000000038_keypoints.json
Pass 10_000000000039_keypoints.json
Pass 10_000000000040_keypoints.json
Pass 10_000000000041_keypoints.json
Pass 10_000000000042_keypoints.json
Pass 10_000000000043_keypoints.json
Pass 10_000000000044_keypoints.json
Pass 10_000000000045_keypoints.json
Pass 10_000000000046_keypoints.json
Pass 10_000000000047_keypoints.json
Pass 10_000000000048_keypoints.json
Pass 10_000000000049_keypoints.json
Pass 10_000000000050_keypoints.json
Pass 10_000000000051_keypoints.json
Pass 10_000000000052_keypoints.json
Pass 10_000000000053_keypoints.json
Pass 10_000000000054_keypoints.json
Pass 10_000000000055_keypoints.json
Pass 10_000000000056_keypoints.json
Pass 10_000000000057_keypoints.json
Pass 10_000000000058_keypoints.json
Pass 10_000000000059_keypoints.json
Pass 10_000000000060_keypoints.json
Pass 10_000000000061_keypoints.json
 48%|████▊     | 2780/5749 [05:22<08:02,  6.15it/s]Pass 13_000000000000_keypoints.json
Pass 13_000000000001_keypoints.json
Pass 13_000000000002_keypoints.json
Pass 13_000000000003_keypoints.json
Pass 13_000000000004_keypoints.json
Pass 13_000000000005_keypoints.json
Pass 13_000000000006_keypoints.json
Pass 13_000000000007_keypoints.json
Pass 13_000000000008_keypoints.json
Pass 13_000000000009_keypoints.json
Pass 13_000000000010_keypoints.json
Pass 13_000000000011_keypoints.json
Pass 13_000000000012_keypoints.json
Pass 13_000000000013_keypoints.json
Pass 13_000000000014_keypoints.json
Pass 13_000000000015_keypoints.json
Pass 13_000000000016_keypoints.json
Pass 13_000000000017_keypoints.json
Pass 13_000000000018_keypoints.json
Pass 13_000000000019_keypoints.json
Pass 13_000000000020_keypoints.json
Pass 13_000000000021_keypoints.json
Pass 13_000000000022_keypoints.json
Pass 13_000000000023_keypoints.json
Pass 13_000000000024_keypoints.json
Pass 13_000000000025_keypoints.json
Pass 13_000000000026_keypoints.json
Pass 13_000000000027_keypoints.json
Pass 13_000000000028_keypoints.json
Pass 13_000000000029_keypoints.json
Pass 13_000000000030_keypoints.json
Pass 13_000000000031_keypoints.json
Pass 13_000000000032_keypoints.json
Pass 13_000000000033_keypoints.json
Pass 13_000000000034_keypoints.json
Pass 13_000000000035_keypoints.json
Pass 13_000000000036_keypoints.json
Pass 13_000000000037_keypoints.json
Pass 13_000000000038_keypoints.json
Pass 13_000000000039_keypoints.json
Pass 13_000000000040_keypoints.json
Pass 13_000000000041_keypoints.json
Pass 13_000000000042_keypoints.json
Pass 13_000000000043_keypoints.json
Pass 13_000000000044_keypoints.json
Pass 13_000000000045_keypoints.json
Pass 13_000000000046_keypoints.json
Pass 13_000000000047_keypoints.json
Pass 13_000000000048_keypoints.json
Pass 13_000000000049_keypoints.json
Pass 13_000000000050_keypoints.json
Pass 13_000000000051_keypoints.json
Pass 13_000000000052_keypoints.json
Pass 13_000000000053_keypoints.json
Pass 13_000000000054_keypoints.json
Pass 13_000000000055_keypoints.json
Pass 13_000000000056_keypoints.json
Pass 13_000000000057_keypoints.json
Pass 13_000000000058_keypoints.json
Pass 13_000000000059_keypoints.json
Pass 13_000000000060_keypoints.json
Pass 13_000000000061_keypoints.json
Pass 13_000000000062_keypoints.json
Pass 13_000000000063_keypoints.json
Pass 13_000000000064_keypoints.json
Pass 13_000000000065_keypoints.json
Pass 13_000000000066_keypoints.json
Pass 13_000000000067_keypoints.json
Pass 30_000000000000_keypoints.json
Pass 30_000000000001_keypoints.json
Pass 30_000000000002_keypoints.json
Pass 30_000000000003_keypoints.json
Pass 30_000000000004_keypoints.json
Pass 30_000000000005_keypoints.json
Pass 30_000000000006_keypoints.json
Pass 30_000000000007_keypoints.json
Pass 30_000000000008_keypoints.json
Pass 30_000000000009_keypoints.json
Pass 30_000000000010_keypoints.json
Pass 30_000000000011_keypoints.json
Pass 30_000000000012_keypoints.json
Pass 30_000000000013_keypoints.json
Pass 30_000000000014_keypoints.json
Pass 30_000000000015_keypoints.json
Pass 30_000000000016_keypoints.json
Pass 30_000000000017_keypoints.json
Pass 30_000000000018_keypoints.json
Pass 30_000000000019_keypoints.json
Pass 30_000000000020_keypoints.json
Pass 30_000000000021_keypoints.json
Pass 30_000000000022_keypoints.json
Pass 30_000000000023_keypoints.json
Pass 30_000000000024_keypoints.json
Pass 30_000000000025_keypoints.json
Pass 30_000000000026_keypoints.json
Pass 30_000000000027_keypoints.json
Pass 30_000000000028_keypoints.json
Pass 30_000000000029_keypoints.json
Pass 30_000000000030_keypoints.json
Pass 30_000000000031_keypoints.json
Pass 30_000000000032_keypoints.json
Pass 30_000000000033_keypoints.json
Pass 30_000000000034_keypoints.json
Pass 30_000000000035_keypoints.json
Pass 30_000000000036_keypoints.json
Pass 30_000000000037_keypoints.json
Pass 30_000000000038_keypoints.json
Pass 30_000000000039_keypoints.json
Pass 30_000000000040_keypoints.json
Pass 30_000000000041_keypoints.json
Pass 30_000000000042_keypoints.json
Pass 30_000000000043_keypoints.json
Pass 30_000000000044_keypoints.json
Pass 30_000000000045_keypoints.json
Pass 30_000000000046_keypoints.json
Pass 30_000000000047_keypoints.json
Pass 30_000000000048_keypoints.json
Pass 30_000000000049_keypoints.json
Pass 30_000000000050_keypoints.json
Pass 30_000000000051_keypoints.json
Pass 30_000000000052_keypoints.json
Pass 30_000000000053_keypoints.json
Pass 30_000000000054_keypoints.json
Pass 30_000000000055_keypoints.json
Pass 30_000000000056_keypoints.json
Pass 30_000000000057_keypoints.json
Pass 30_000000000058_keypoints.json
Pass 30_000000000059_keypoints.json
 48%|████▊     | 2783/5749 [05:23<04:45, 10.40it/s]Pass 3_000000000000_keypoints.json
Pass 3_000000000001_keypoints.json
Pass 3_000000000002_keypoints.json
Pass 3_000000000003_keypoints.json
Pass 3_000000000004_keypoints.json
Pass 3_000000000005_keypoints.json
Pass 3_000000000006_keypoints.json
Pass 3_000000000007_keypoints.json
Pass 3_000000000008_keypoints.json
Pass 3_000000000009_keypoints.json
Pass 3_000000000010_keypoints.json
Pass 3_000000000011_keypoints.json
Pass 3_000000000012_keypoints.json
Pass 3_000000000013_keypoints.json
Pass 3_000000000014_keypoints.json
Pass 3_000000000015_keypoints.json
Pass 3_000000000016_keypoints.json
Pass 3_000000000017_keypoints.json
Pass 3_000000000018_keypoints.json
Pass 3_000000000019_keypoints.json
Pass 3_000000000020_keypoints.json
Pass 3_000000000021_keypoints.json
Pass 3_000000000022_keypoints.json
Pass 3_000000000023_keypoints.json
Pass 3_000000000024_keypoints.json
Pass 3_000000000025_keypoints.json
Pass 3_000000000026_keypoints.json
Pass 3_000000000027_keypoints.json
Pass 3_000000000028_keypoints.json
Pass 3_000000000029_keypoints.json
Pass 3_000000000030_keypoints.json
Pass 3_000000000031_keypoints.json
Pass 3_000000000032_keypoints.json
Pass 3_000000000033_keypoints.json
Pass 3_000000000034_keypoints.json
Pass 3_000000000035_keypoints.json
Pass 3_000000000036_keypoints.json
Pass 3_000000000037_keypoints.json
Pass 3_000000000038_keypoints.json
Pass 3_000000000039_keypoints.json
Pass 3_000000000040_keypoints.json
Pass 3_000000000041_keypoints.json
Pass 3_000000000042_keypoints.json
Pass 3_000000000043_keypoints.json
Pass 3_000000000044_keypoints.json
Pass 3_000000000045_keypoints.json
Pass 3_000000000046_keypoints.json
Pass 3_000000000047_keypoints.json
Pass 3_000000000048_keypoints.json
Pass 3_000000000049_keypoints.json
Pass 3_000000000050_keypoints.json
Pass 3_000000000051_keypoints.json
Pass 3_000000000052_keypoints.json
Pass 3_000000000053_keypoints.json
Pass 3_000000000054_keypoints.json
Pass 3_000000000055_keypoints.json
Pass 3_000000000056_keypoints.json
Pass 3_000000000057_keypoints.json
Pass 3_000000000058_keypoints.json
Pass 3_000000000059_keypoints.json
Pass 3_000000000060_keypoints.json
Pass 3_000000000061_keypoints.json
Pass 3_000000000062_keypoints.json
Pass 3_000000000063_keypoints.json
Pass 3_000000000064_keypoints.json
Pass 3_000000000065_keypoints.json
Pass 3_000000000066_keypoints.json
Pass 3_000000000067_keypoints.json
Pass 3_000000000068_keypoints.json
Pass 3_000000000069_keypoints.json
 49%|████▉     | 2823/5749 [05:28<06:37,  7.37it/s]Pass 12_000000000000_keypoints.json
Pass 12_000000000001_keypoints.json
Pass 12_000000000002_keypoints.json
Pass 12_000000000003_keypoints.json
Pass 12_000000000004_keypoints.json
Pass 12_000000000005_keypoints.json
Pass 12_000000000006_keypoints.json
Pass 12_000000000007_keypoints.json
Pass 12_000000000008_keypoints.json
Pass 12_000000000009_keypoints.json
Pass 12_000000000010_keypoints.json
Pass 12_000000000011_keypoints.json
Pass 12_000000000012_keypoints.json
Pass 12_000000000013_keypoints.json
Pass 12_000000000014_keypoints.json
Pass 12_000000000015_keypoints.json
Pass 12_000000000016_keypoints.json
Pass 12_000000000017_keypoints.json
Pass 12_000000000018_keypoints.json
Pass 12_000000000019_keypoints.json
Pass 12_000000000020_keypoints.json
Pass 12_000000000021_keypoints.json
Pass 12_000000000022_keypoints.json
Pass 12_000000000023_keypoints.json
Pass 12_000000000024_keypoints.json
Pass 12_000000000025_keypoints.json
Pass 12_000000000026_keypoints.json
Pass 12_000000000027_keypoints.json
Pass 12_000000000028_keypoints.json
Pass 12_000000000029_keypoints.json
Pass 12_000000000030_keypoints.json
Pass 12_000000000031_keypoints.json
Pass 12_000000000032_keypoints.json
Pass 12_000000000033_keypoints.json
Pass 12_000000000034_keypoints.json
Pass 12_000000000035_keypoints.json
Pass 12_000000000036_keypoints.json
Pass 12_000000000037_keypoints.json
Pass 12_000000000038_keypoints.json
Pass 12_000000000039_keypoints.json
Pass 12_000000000040_keypoints.json
Pass 12_000000000041_keypoints.json
Pass 12_000000000042_keypoints.json
Pass 12_000000000043_keypoints.json
Pass 12_000000000044_keypoints.json
Pass 12_000000000045_keypoints.json
Pass 12_000000000046_keypoints.json
Pass 12_000000000047_keypoints.json
Pass 12_000000000048_keypoints.json
Pass 12_000000000049_keypoints.json
Pass 12_000000000050_keypoints.json
Pass 12_000000000051_keypoints.json
Pass 12_000000000052_keypoints.json
Pass 12_000000000053_keypoints.json
Pass 12_000000000054_keypoints.json
Pass 12_000000000055_keypoints.json
Pass 12_000000000056_keypoints.json
Pass 12_000000000057_keypoints.json
Pass 12_000000000058_keypoints.json
Pass 12_000000000059_keypoints.json
Pass 12_000000000060_keypoints.json
Pass 12_000000000061_keypoints.json
Pass 12_000000000062_keypoints.json
Pass 12_000000000063_keypoints.json
Pass 12_000000000064_keypoints.json
Pass 12_000000000065_keypoints.json
Pass 12_000000000066_keypoints.json
Pass 12_000000000067_keypoints.json
Pass 20_000000000000_keypoints.json
Pass 20_000000000001_keypoints.json
Pass 20_000000000002_keypoints.json
Pass 20_000000000003_keypoints.json
Pass 20_000000000004_keypoints.json
Pass 20_000000000005_keypoints.json
Pass 20_000000000006_keypoints.json
Pass 20_000000000007_keypoints.json
Pass 20_000000000008_keypoints.json
Pass 20_000000000009_keypoints.json
Pass 20_000000000010_keypoints.json
Pass 20_000000000011_keypoints.json
Pass 20_000000000012_keypoints.json
Pass 20_000000000013_keypoints.json
Pass 20_000000000014_keypoints.json
Pass 20_000000000015_keypoints.json
Pass 20_000000000016_keypoints.json
Pass 20_000000000017_keypoints.json
Pass 20_000000000018_keypoints.json
Pass 20_000000000019_keypoints.json
Pass 20_000000000020_keypoints.json
Pass 20_000000000021_keypoints.json
Pass 20_000000000022_keypoints.json
Pass 20_000000000023_keypoints.json
Pass 20_000000000024_keypoints.json
Pass 20_000000000025_keypoints.json
Pass 20_000000000026_keypoints.json
Pass 20_000000000027_keypoints.json
Pass 20_000000000028_keypoints.json
Pass 20_000000000029_keypoints.json
Pass 20_000000000030_keypoints.json
Pass 20_000000000031_keypoints.json
Pass 20_000000000032_keypoints.json
Pass 20_000000000033_keypoints.json
Pass 20_000000000034_keypoints.json
Pass 20_000000000035_keypoints.json
Pass 20_000000000036_keypoints.json
Pass 20_000000000037_keypoints.json
Pass 20_000000000038_keypoints.json
Pass 20_000000000039_keypoints.json
Pass 20_000000000040_keypoints.json
Pass 20_000000000041_keypoints.json
Pass 20_000000000042_keypoints.json
Pass 20_000000000043_keypoints.json
Pass 20_000000000044_keypoints.json
Pass 20_000000000045_keypoints.json
Pass 20_000000000046_keypoints.json
Pass 20_000000000047_keypoints.json
Pass 20_000000000048_keypoints.json
Pass 20_000000000049_keypoints.json
Pass 20_000000000050_keypoints.json
Pass 20_000000000051_keypoints.json
Pass 20_000000000052_keypoints.json
Pass 20_000000000053_keypoints.json
Pass 20_000000000054_keypoints.json
Pass 20_000000000055_keypoints.json
Pass 20_000000000056_keypoints.json
Pass 20_000000000057_keypoints.json
Pass 20_000000000058_keypoints.json
Pass 20_000000000059_keypoints.json
Pass 20_000000000060_keypoints.json
Pass 20_000000000061_keypoints.json
Pass 2_000000000000_keypoints.json
Pass 2_000000000001_keypoints.json
Pass 2_000000000002_keypoints.json
Pass 2_000000000003_keypoints.json
Pass 2_000000000004_keypoints.json
Pass 2_000000000005_keypoints.json
Pass 2_000000000006_keypoints.json
Pass 2_000000000007_keypoints.json
Pass 2_000000000008_keypoints.json
Pass 2_000000000009_keypoints.json
Pass 2_000000000010_keypoints.json
Pass 2_000000000011_keypoints.json
Pass 2_000000000012_keypoints.json
Pass 2_000000000013_keypoints.json
Pass 2_000000000014_keypoints.json
Pass 2_000000000015_keypoints.json
Pass 2_000000000016_keypoints.json
Pass 2_000000000017_keypoints.json
Pass 2_000000000018_keypoints.json
Pass 2_000000000019_keypoints.json
Pass 2_000000000020_keypoints.json
Pass 2_000000000021_keypoints.json
Pass 2_000000000022_keypoints.json
Pass 2_000000000023_keypoints.json
Pass 2_000000000024_keypoints.json
Pass 2_000000000025_keypoints.json
Pass 2_000000000026_keypoints.json
Pass 2_000000000027_keypoints.json
Pass 2_000000000028_keypoints.json
Pass 2_000000000029_keypoints.json
Pass 2_000000000030_keypoints.json
Pass 2_000000000031_keypoints.json
Pass 2_000000000032_keypoints.json
Pass 2_000000000033_keypoints.json
Pass 2_000000000034_keypoints.json
Pass 2_000000000035_keypoints.json
Pass 2_000000000036_keypoints.json
Pass 2_000000000037_keypoints.json
Pass 2_000000000038_keypoints.json
Pass 2_000000000039_keypoints.json
Pass 2_000000000040_keypoints.json
Pass 2_000000000041_keypoints.json
Pass 2_000000000042_keypoints.json
Pass 2_000000000043_keypoints.json
Pass 2_000000000044_keypoints.json
Pass 2_000000000045_keypoints.json
Pass 2_000000000046_keypoints.json
Pass 2_000000000047_keypoints.json
Pass 2_000000000048_keypoints.json
Pass 2_000000000049_keypoints.json
Pass 2_000000000050_keypoints.json
Pass 2_000000000051_keypoints.json
Pass 2_000000000052_keypoints.json
Pass 2_000000000053_keypoints.json
Pass 2_000000000054_keypoints.json
Pass 2_000000000055_keypoints.json
Pass 2_000000000056_keypoints.json
Pass 2_000000000057_keypoints.json
Pass 2_000000000058_keypoints.json
Pass 2_000000000059_keypoints.json
Pass 2_000000000060_keypoints.json
Pass 2_000000000061_keypoints.json
Pass 2_000000000062_keypoints.json
100%|██████████| 5749/5749 [16:30<00:00,  5.80it/s]

Process finished with exit code 0
